<?xml version="1.0" encoding="UTF-8"?>
<gpx version="1.0" creator="synth-log" xmlns="http://www.topografix.com/GPX/1/0">
<trk><name>Moth GBR 4242 (synthetic)</name><trkseg>
<trkpt lat="50.5925542" lon="-2.4397744"><time>2026-09-20T13:16:23.000Z</time><speed>10.43</speed><course>137.6</course></trkpt>
<trkpt lat="50.5924820" lon="-2.4396753"><time>2026-09-20T13:16:24.000Z</time><speed>10.38</speed><course>137.5</course></trkpt>
<trkpt lat="50.5924149" lon="-2.4395826"><time>2026-09-20T13:16:25.000Z</time><speed>10.40</speed><course>137.6</course></trkpt>
<trkpt lat="50.5923535" lon="-2.4394781"><time>2026-09-20T13:16:26.000Z</time><speed>10.37</speed><course>138.7</course></trkpt>
<trkpt lat="50.5922751" lon="-2.4393773"><time>2026-09-20T13:16:27.000Z</time><speed>10.42</speed><course>138.3</course></trkpt>
<trkpt lat="50.5922022" lon="-2.4392721"><time>2026-09-20T13:16:28.000Z</time><speed>10.46</speed><course>138.7</course></trkpt>
<trkpt lat="50.5921315" lon="-2.4391752"><time>2026-09-20T13:16:29.000Z</time><speed>10.35</speed><course>139.6</course></trkpt>
<trkpt lat="50.5920640" lon="-2.4390812"><time>2026-09-20T13:16:30.000Z</time><speed>10.41</speed><course>140.5</course></trkpt>
<trkpt lat="50.5919905" lon="-2.4389894"><time>2026-09-20T13:16:31.000Z</time><speed>10.37</speed><course>139.9</course></trkpt>
<trkpt lat="50.5919191" lon="-2.4389054"><time>2026-09-20T13:16:32.000Z</time><speed>10.35</speed><course>139.6</course></trkpt>
<trkpt lat="50.5918487" lon="-2.4388018"><time>2026-09-20T13:16:33.000Z</time><speed>10.34</speed><course>139.8</course></trkpt>
<trkpt lat="50.5917762" lon="-2.4387229"><time>2026-09-20T13:16:34.000Z</time><speed>10.36</speed><course>146.7</course></trkpt>
<trkpt lat="50.5916898" lon="-2.4386555"><time>2026-09-20T13:16:35.000Z</time><speed>10.34</speed><course>161.3</course></trkpt>
<trkpt lat="50.5915943" lon="-2.4386263"><time>2026-09-20T13:16:36.000Z</time><speed>9.92</speed><course>174.0</course></trkpt>
<trkpt lat="50.5915107" lon="-2.4386203"><time>2026-09-20T13:16:37.000Z</time><speed>9.27</speed><course>172.0</course></trkpt>
<trkpt lat="50.5914231" lon="-2.4386092"><time>2026-09-20T13:16:38.000Z</time><speed>9.12</speed><course>173.5</course></trkpt>
<trkpt lat="50.5913442" lon="-2.4386040"><time>2026-09-20T13:16:39.000Z</time><speed>8.91</speed><course>174.8</course></trkpt>
<trkpt lat="50.5912664" lon="-2.4385983"><time>2026-09-20T13:16:40.000Z</time><speed>8.69</speed><course>177.1</course></trkpt>
<trkpt lat="50.5911890" lon="-2.4385910"><time>2026-09-20T13:16:41.000Z</time><speed>8.52</speed><course>178.0</course></trkpt>
<trkpt lat="50.5911124" lon="-2.4385877"><time>2026-09-20T13:16:42.000Z</time><speed>8.35</speed><course>180.5</course></trkpt>
<trkpt lat="50.5910355" lon="-2.4385977"><time>2026-09-20T13:16:43.000Z</time><speed>8.06</speed><course>182.6</course></trkpt>
<trkpt lat="50.5909633" lon="-2.4385980"><time>2026-09-20T13:16:44.000Z</time><speed>7.82</speed><course>182.9</course></trkpt>
<trkpt lat="50.5908918" lon="-2.4386140"><time>2026-09-20T13:16:45.000Z</time><speed>7.69</speed><course>182.5</course></trkpt>
<trkpt lat="50.5908242" lon="-2.4386189"><time>2026-09-20T13:16:46.000Z</time><speed>7.57</speed><course>183.2</course></trkpt>
<trkpt lat="50.5907643" lon="-2.4386218"><time>2026-09-20T13:16:47.000Z</time><speed>7.51</speed><course>182.8</course></trkpt>
<trkpt lat="50.5906932" lon="-2.4386184"><time>2026-09-20T13:16:48.000Z</time><speed>7.49</speed><course>183.3</course></trkpt>
<trkpt lat="50.5906284" lon="-2.4386318"><time>2026-09-20T13:16:49.000Z</time><speed>7.43</speed><course>182.3</course></trkpt>
<trkpt lat="50.5905538" lon="-2.4386273"><time>2026-09-20T13:16:50.000Z</time><speed>7.40</speed><course>181.4</course></trkpt>
<trkpt lat="50.5904909" lon="-2.4386390"><time>2026-09-20T13:16:51.000Z</time><speed>7.36</speed><course>181.1</course></trkpt>
<trkpt lat="50.5904269" lon="-2.4386392"><time>2026-09-20T13:16:52.000Z</time><speed>7.54</speed><course>180.9</course></trkpt>
<trkpt lat="50.5903554" lon="-2.4386413"><time>2026-09-20T13:16:53.000Z</time><speed>7.52</speed><course>181.4</course></trkpt>
<trkpt lat="50.5902904" lon="-2.4386361"><time>2026-09-20T13:16:54.000Z</time><speed>7.49</speed><course>181.6</course></trkpt>
<trkpt lat="50.5902193" lon="-2.4386428"><time>2026-09-20T13:16:55.000Z</time><speed>7.62</speed><course>181.0</course></trkpt>
<trkpt lat="50.5901502" lon="-2.4386464"><time>2026-09-20T13:16:56.000Z</time><speed>7.79</speed><course>181.6</course></trkpt>
<trkpt lat="50.5900814" lon="-2.4386411"><time>2026-09-20T13:16:57.000Z</time><speed>7.50</speed><course>182.6</course></trkpt>
<trkpt lat="50.5900076" lon="-2.4386511"><time>2026-09-20T13:16:58.000Z</time><speed>7.67</speed><course>182.9</course></trkpt>
<trkpt lat="50.5899434" lon="-2.4386594"><time>2026-09-20T13:16:59.000Z</time><speed>7.60</speed><course>183.7</course></trkpt>
<trkpt lat="50.5898693" lon="-2.4386637"><time>2026-09-20T13:17:00.000Z</time><speed>7.50</speed><course>184.0</course></trkpt>
<trkpt lat="50.5898072" lon="-2.4386758"><time>2026-09-20T13:17:01.000Z</time><speed>7.57</speed><course>183.3</course></trkpt>
<trkpt lat="50.5897377" lon="-2.4386890"><time>2026-09-20T13:17:02.000Z</time><speed>7.38</speed><course>185.2</course></trkpt>
<trkpt lat="50.5896757" lon="-2.4386911"><time>2026-09-20T13:17:03.000Z</time><speed>7.38</speed><course>184.3</course></trkpt>
<trkpt lat="50.5896100" lon="-2.4386952"><time>2026-09-20T13:17:04.000Z</time><speed>7.41</speed><course>184.1</course></trkpt>
<trkpt lat="50.5895455" lon="-2.4387037"><time>2026-09-20T13:17:05.000Z</time><speed>7.35</speed><course>185.2</course></trkpt>
<trkpt lat="50.5894816" lon="-2.4387153"><time>2026-09-20T13:17:06.000Z</time><speed>7.39</speed><course>185.0</course></trkpt>
<trkpt lat="50.5894119" lon="-2.4387293"><time>2026-09-20T13:17:07.000Z</time><speed>7.38</speed><course>187.6</course></trkpt>
<trkpt lat="50.5893508" lon="-2.4387423"><time>2026-09-20T13:17:08.000Z</time><speed>7.26</speed><course>186.8</course></trkpt>
<trkpt lat="50.5892902" lon="-2.4387581"><time>2026-09-20T13:17:09.000Z</time><speed>7.28</speed><course>187.1</course></trkpt>
<trkpt lat="50.5892202" lon="-2.4387642"><time>2026-09-20T13:17:10.000Z</time><speed>7.19</speed><course>186.0</course></trkpt>
<trkpt lat="50.5891533" lon="-2.4387759"><time>2026-09-20T13:17:11.000Z</time><speed>7.38</speed><course>186.2</course></trkpt>
<trkpt lat="50.5890862" lon="-2.4387907"><time>2026-09-20T13:17:12.000Z</time><speed>7.39</speed><course>186.3</course></trkpt>
<trkpt lat="50.5890234" lon="-2.4388019"><time>2026-09-20T13:17:13.000Z</time><speed>7.42</speed><course>186.3</course></trkpt>
<trkpt lat="50.5889550" lon="-2.4388052"><time>2026-09-20T13:17:14.000Z</time><speed>7.56</speed><course>186.1</course></trkpt>
<trkpt lat="50.5888897" lon="-2.4388228"><time>2026-09-20T13:17:15.000Z</time><speed>7.49</speed><course>185.8</course></trkpt>
<trkpt lat="50.5888209" lon="-2.4388414"><time>2026-09-20T13:17:16.000Z</time><speed>7.60</speed><course>186.9</course></trkpt>
<trkpt lat="50.5887532" lon="-2.4388415"><time>2026-09-20T13:17:17.000Z</time><speed>7.46</speed><course>187.0</course></trkpt>
<trkpt lat="50.5886877" lon="-2.4388498"><time>2026-09-20T13:17:18.000Z</time><speed>7.41</speed><course>187.0</course></trkpt>
<trkpt lat="50.5886193" lon="-2.4388721"><time>2026-09-20T13:17:19.000Z</time><speed>7.46</speed><course>187.7</course></trkpt>
<trkpt lat="50.5885532" lon="-2.4388822"><time>2026-09-20T13:17:20.000Z</time><speed>7.31</speed><course>188.1</course></trkpt>
<trkpt lat="50.5884935" lon="-2.4388929"><time>2026-09-20T13:17:21.000Z</time><speed>7.38</speed><course>186.8</course></trkpt>
<trkpt lat="50.5884296" lon="-2.4388977"><time>2026-09-20T13:17:22.000Z</time><speed>7.42</speed><course>185.8</course></trkpt>
<trkpt lat="50.5883591" lon="-2.4389101"><time>2026-09-20T13:17:23.000Z</time><speed>7.53</speed><course>185.9</course></trkpt>
<trkpt lat="50.5882943" lon="-2.4389231"><time>2026-09-20T13:17:24.000Z</time><speed>7.61</speed><course>186.8</course></trkpt>
<trkpt lat="50.5882264" lon="-2.4389373"><time>2026-09-20T13:17:25.000Z</time><speed>7.56</speed><course>191.6</course></trkpt>
<trkpt lat="50.5881708" lon="-2.4389639"><time>2026-09-20T13:17:26.000Z</time><speed>6.57</speed><course>211.6</course></trkpt>
<trkpt lat="50.5881285" lon="-2.4390299"><time>2026-09-20T13:17:27.000Z</time><speed>4.90</speed><course>237.4</course></trkpt>
<trkpt lat="50.5881161" lon="-2.4390632"><time>2026-09-20T13:17:28.000Z</time><speed>1.73</speed><course>263.2</course></trkpt>
<trkpt lat="50.5881172" lon="-2.4390763"><time>2026-09-20T13:17:29.000Z</time><speed>1.68</speed><course>279.0</course></trkpt>
<trkpt lat="50.5881208" lon="-2.4391087"><time>2026-09-20T13:17:30.000Z</time><speed>1.92</speed><course>287.4</course></trkpt>
<trkpt lat="50.5881245" lon="-2.4391286"><time>2026-09-20T13:17:31.000Z</time><speed>1.97</speed><course>286.6</course></trkpt>
<trkpt lat="50.5881301" lon="-2.4391618"><time>2026-09-20T13:17:32.000Z</time><speed>2.84</speed><course>284.6</course></trkpt>
<trkpt lat="50.5881391" lon="-2.4392177"><time>2026-09-20T13:17:33.000Z</time><speed>4.21</speed><course>281.6</course></trkpt>
<trkpt lat="50.5881425" lon="-2.4392804"><time>2026-09-20T13:17:34.000Z</time><speed>5.23</speed><course>280.2</course></trkpt>
<trkpt lat="50.5881487" lon="-2.4393650"><time>2026-09-20T13:17:35.000Z</time><speed>5.78</speed><course>280.4</course></trkpt>
<trkpt lat="50.5881584" lon="-2.4394465"><time>2026-09-20T13:17:36.000Z</time><speed>6.31</speed><course>281.0</course></trkpt>
<trkpt lat="50.5881696" lon="-2.4395323"><time>2026-09-20T13:17:37.000Z</time><speed>6.57</speed><course>280.0</course></trkpt>
<trkpt lat="50.5881757" lon="-2.4396286"><time>2026-09-20T13:17:38.000Z</time><speed>6.77</speed><course>280.0</course></trkpt>
<trkpt lat="50.5881865" lon="-2.4397272"><time>2026-09-20T13:17:39.000Z</time><speed>6.82</speed><course>280.1</course></trkpt>
<trkpt lat="50.5881982" lon="-2.4398283"><time>2026-09-20T13:17:40.000Z</time><speed>6.99</speed><course>279.3</course></trkpt>
<trkpt lat="50.5882094" lon="-2.4399204"><time>2026-09-20T13:17:41.000Z</time><speed>7.04</speed><course>280.9</course></trkpt>
<trkpt lat="50.5882219" lon="-2.4400264"><time>2026-09-20T13:17:42.000Z</time><speed>7.18</speed><course>279.8</course></trkpt>
<trkpt lat="50.5882290" lon="-2.4401216"><time>2026-09-20T13:17:43.000Z</time><speed>7.17</speed><course>281.1</course></trkpt>
<trkpt lat="50.5882417" lon="-2.4402224"><time>2026-09-20T13:17:44.000Z</time><speed>7.26</speed><course>282.1</course></trkpt>
<trkpt lat="50.5882566" lon="-2.4403211"><time>2026-09-20T13:17:45.000Z</time><speed>7.23</speed><course>281.3</course></trkpt>
<trkpt lat="50.5882670" lon="-2.4404317"><time>2026-09-20T13:17:46.000Z</time><speed>7.26</speed><course>281.9</course></trkpt>
<trkpt lat="50.5882827" lon="-2.4405232"><time>2026-09-20T13:17:47.000Z</time><speed>7.30</speed><course>282.2</course></trkpt>
<trkpt lat="50.5882978" lon="-2.4406299"><time>2026-09-20T13:17:48.000Z</time><speed>7.34</speed><course>282.0</course></trkpt>
<trkpt lat="50.5883167" lon="-2.4407279"><time>2026-09-20T13:17:49.000Z</time><speed>7.46</speed><course>282.5</course></trkpt>
<trkpt lat="50.5883358" lon="-2.4408336"><time>2026-09-20T13:17:50.000Z</time><speed>7.52</speed><course>282.8</course></trkpt>
<trkpt lat="50.5883460" lon="-2.4409381"><time>2026-09-20T13:17:51.000Z</time><speed>7.54</speed><course>281.9</course></trkpt>
<trkpt lat="50.5883602" lon="-2.4410328"><time>2026-09-20T13:17:52.000Z</time><speed>7.53</speed><course>282.3</course></trkpt>
<trkpt lat="50.5883723" lon="-2.4411306"><time>2026-09-20T13:17:53.000Z</time><speed>7.53</speed><course>282.7</course></trkpt>
<trkpt lat="50.5883885" lon="-2.4412435"><time>2026-09-20T13:17:54.000Z</time><speed>7.59</speed><course>282.2</course></trkpt>
<trkpt lat="50.5884062" lon="-2.4413491"><time>2026-09-20T13:17:55.000Z</time><speed>7.67</speed><course>282.7</course></trkpt>
<trkpt lat="50.5884223" lon="-2.4414557"><time>2026-09-20T13:17:56.000Z</time><speed>7.63</speed><course>283.6</course></trkpt>
<trkpt lat="50.5884390" lon="-2.4415614"><time>2026-09-20T13:17:57.000Z</time><speed>7.67</speed><course>283.5</course></trkpt>
<trkpt lat="50.5884565" lon="-2.4416712"><time>2026-09-20T13:17:58.000Z</time><speed>7.79</speed><course>284.3</course></trkpt>
<trkpt lat="50.5884639" lon="-2.4417764"><time>2026-09-20T13:17:59.000Z</time><speed>7.79</speed><course>283.8</course></trkpt>
<trkpt lat="50.5884847" lon="-2.4418959"><time>2026-09-20T13:18:00.000Z</time><speed>7.84</speed><course>282.3</course></trkpt>
<trkpt lat="50.5885000" lon="-2.4420036"><time>2026-09-20T13:18:01.000Z</time><speed>7.79</speed><course>281.6</course></trkpt>
<trkpt lat="50.5885148" lon="-2.4421191"><time>2026-09-20T13:18:02.000Z</time><speed>7.85</speed><course>280.5</course></trkpt>
<trkpt lat="50.5885314" lon="-2.4422278"><time>2026-09-20T13:18:03.000Z</time><speed>7.80</speed><course>280.2</course></trkpt>
<trkpt lat="50.5885381" lon="-2.4423346"><time>2026-09-20T13:18:04.000Z</time><speed>7.68</speed><course>278.5</course></trkpt>
<trkpt lat="50.5885486" lon="-2.4424393"><time>2026-09-20T13:18:05.000Z</time><speed>7.47</speed><course>277.5</course></trkpt>
<trkpt lat="50.5885530" lon="-2.4425481"><time>2026-09-20T13:18:06.000Z</time><speed>7.46</speed><course>277.5</course></trkpt>
<trkpt lat="50.5885678" lon="-2.4426445"><time>2026-09-20T13:18:07.000Z</time><speed>7.37</speed><course>278.1</course></trkpt>
<trkpt lat="50.5885712" lon="-2.4427415"><time>2026-09-20T13:18:08.000Z</time><speed>7.36</speed><course>278.6</course></trkpt>
<trkpt lat="50.5885750" lon="-2.4428415"><time>2026-09-20T13:18:09.000Z</time><speed>7.42</speed><course>278.8</course></trkpt>
<trkpt lat="50.5885864" lon="-2.4429463"><time>2026-09-20T13:18:10.000Z</time><speed>7.35</speed><course>278.8</course></trkpt>
<trkpt lat="50.5885972" lon="-2.4430470"><time>2026-09-20T13:18:11.000Z</time><speed>7.16</speed><course>277.6</course></trkpt>
<trkpt lat="50.5886080" lon="-2.4431425"><time>2026-09-20T13:18:12.000Z</time><speed>7.13</speed><course>280.5</course></trkpt>
<trkpt lat="50.5886188" lon="-2.4432472"><time>2026-09-20T13:18:13.000Z</time><speed>7.23</speed><course>280.5</course></trkpt>
<trkpt lat="50.5886277" lon="-2.4433491"><time>2026-09-20T13:18:14.000Z</time><speed>7.26</speed><course>280.9</course></trkpt>
<trkpt lat="50.5886407" lon="-2.4434497"><time>2026-09-20T13:18:15.000Z</time><speed>7.38</speed><course>282.3</course></trkpt>
<trkpt lat="50.5886568" lon="-2.4435509"><time>2026-09-20T13:18:16.000Z</time><speed>7.37</speed><course>281.7</course></trkpt>
<trkpt lat="50.5886736" lon="-2.4436556"><time>2026-09-20T13:18:17.000Z</time><speed>7.41</speed><course>283.0</course></trkpt>
<trkpt lat="50.5886925" lon="-2.4437577"><time>2026-09-20T13:18:18.000Z</time><speed>7.50</speed><course>283.8</course></trkpt>
<trkpt lat="50.5887164" lon="-2.4438616"><time>2026-09-20T13:18:19.000Z</time><speed>7.71</speed><course>284.7</course></trkpt>
<trkpt lat="50.5887282" lon="-2.4439681"><time>2026-09-20T13:18:20.000Z</time><speed>7.64</speed><course>282.8</course></trkpt>
<trkpt lat="50.5887389" lon="-2.4440596"><time>2026-09-20T13:18:21.000Z</time><speed>7.74</speed><course>283.1</course></trkpt>
<trkpt lat="50.5887594" lon="-2.4441737"><time>2026-09-20T13:18:22.000Z</time><speed>7.68</speed><course>282.3</course></trkpt>
<trkpt lat="50.5887696" lon="-2.4442779"><time>2026-09-20T13:18:23.000Z</time><speed>7.58</speed><course>281.2</course></trkpt>
<trkpt lat="50.5887840" lon="-2.4443954"><time>2026-09-20T13:18:24.000Z</time><speed>7.61</speed><course>280.8</course></trkpt>
<trkpt lat="50.5887949" lon="-2.4444949"><time>2026-09-20T13:18:25.000Z</time><speed>7.64</speed><course>281.1</course></trkpt>
<trkpt lat="50.5888052" lon="-2.4445943"><time>2026-09-20T13:18:26.000Z</time><speed>7.66</speed><course>281.4</course></trkpt>
<trkpt lat="50.5888163" lon="-2.4447019"><time>2026-09-20T13:18:27.000Z</time><speed>7.59</speed><course>281.2</course></trkpt>
<trkpt lat="50.5888337" lon="-2.4448094"><time>2026-09-20T13:18:28.000Z</time><speed>7.74</speed><course>282.4</course></trkpt>
<trkpt lat="50.5888532" lon="-2.4449146"><time>2026-09-20T13:18:29.000Z</time><speed>7.77</speed><course>281.3</course></trkpt>
<trkpt lat="50.5888677" lon="-2.4450299"><time>2026-09-20T13:18:30.000Z</time><speed>7.77</speed><course>282.9</course></trkpt>
<trkpt lat="50.5888836" lon="-2.4451319"><time>2026-09-20T13:18:31.000Z</time><speed>7.80</speed><course>281.5</course></trkpt>
<trkpt lat="50.5888931" lon="-2.4452493"><time>2026-09-20T13:18:32.000Z</time><speed>7.72</speed><course>280.5</course></trkpt>
<trkpt lat="50.5889081" lon="-2.4453532"><time>2026-09-20T13:18:33.000Z</time><speed>7.70</speed><course>280.9</course></trkpt>
<trkpt lat="50.5889191" lon="-2.4454500"><time>2026-09-20T13:18:34.000Z</time><speed>7.57</speed><course>280.4</course></trkpt>
<trkpt lat="50.5889370" lon="-2.4455543"><time>2026-09-20T13:18:35.000Z</time><speed>7.56</speed><course>280.8</course></trkpt>
<trkpt lat="50.5889506" lon="-2.4456697"><time>2026-09-20T13:18:36.000Z</time><speed>7.49</speed><course>280.9</course></trkpt>
<trkpt lat="50.5889675" lon="-2.4457763"><time>2026-09-20T13:18:37.000Z</time><speed>7.43</speed><course>281.2</course></trkpt>
<trkpt lat="50.5889773" lon="-2.4458735"><time>2026-09-20T13:18:38.000Z</time><speed>7.39</speed><course>280.3</course></trkpt>
<trkpt lat="50.5889876" lon="-2.4459716"><time>2026-09-20T13:18:39.000Z</time><speed>7.38</speed><course>279.8</course></trkpt>
<trkpt lat="50.5890032" lon="-2.4460714"><time>2026-09-20T13:18:40.000Z</time><speed>7.35</speed><course>279.9</course></trkpt>
<trkpt lat="50.5890095" lon="-2.4461711"><time>2026-09-20T13:18:41.000Z</time><speed>7.44</speed><course>282.5</course></trkpt>
<trkpt lat="50.5890224" lon="-2.4462735"><time>2026-09-20T13:18:42.000Z</time><speed>7.55</speed><course>282.5</course></trkpt>
<trkpt lat="50.5890373" lon="-2.4463826"><time>2026-09-20T13:18:43.000Z</time><speed>7.50</speed><course>281.9</course></trkpt>
<trkpt lat="50.5890495" lon="-2.4464849"><time>2026-09-20T13:18:44.000Z</time><speed>7.68</speed><course>281.9</course></trkpt>
<trkpt lat="50.5890612" lon="-2.4465954"><time>2026-09-20T13:18:45.000Z</time><speed>7.59</speed><course>281.6</course></trkpt>
<trkpt lat="50.5890754" lon="-2.4467055"><time>2026-09-20T13:18:46.000Z</time><speed>7.56</speed><course>282.5</course></trkpt>
<trkpt lat="50.5890925" lon="-2.4468135"><time>2026-09-20T13:18:47.000Z</time><speed>7.53</speed><course>282.2</course></trkpt>
<trkpt lat="50.5891106" lon="-2.4469145"><time>2026-09-20T13:18:48.000Z</time><speed>7.69</speed><course>283.4</course></trkpt>
<trkpt lat="50.5891243" lon="-2.4470184"><time>2026-09-20T13:18:49.000Z</time><speed>7.81</speed><course>283.2</course></trkpt>
<trkpt lat="50.5891404" lon="-2.4471336"><time>2026-09-20T13:18:50.000Z</time><speed>7.90</speed><course>284.4</course></trkpt>
<trkpt lat="50.5891562" lon="-2.4472357"><time>2026-09-20T13:18:51.000Z</time><speed>7.85</speed><course>284.5</course></trkpt>
<trkpt lat="50.5891765" lon="-2.4473523"><time>2026-09-20T13:18:52.000Z</time><speed>7.99</speed><course>282.7</course></trkpt>
<trkpt lat="50.5891899" lon="-2.4474690"><time>2026-09-20T13:18:53.000Z</time><speed>8.01</speed><course>283.1</course></trkpt>
<trkpt lat="50.5892008" lon="-2.4475717"><time>2026-09-20T13:18:54.000Z</time><speed>7.93</speed><course>283.2</course></trkpt>
<trkpt lat="50.5892173" lon="-2.4476811"><time>2026-09-20T13:18:55.000Z</time><speed>7.94</speed><course>281.0</course></trkpt>
<trkpt lat="50.5892246" lon="-2.4477925"><time>2026-09-20T13:18:56.000Z</time><speed>7.51</speed><course>270.0</course></trkpt>
<trkpt lat="50.5892166" lon="-2.4478872"><time>2026-09-20T13:18:57.000Z</time><speed>6.19</speed><course>250.0</course></trkpt>
<trkpt lat="50.5891896" lon="-2.4479472"><time>2026-09-20T13:18:58.000Z</time><speed>3.88</speed><course>227.0</course></trkpt>
<trkpt lat="50.5891757" lon="-2.4479527"><time>2026-09-20T13:18:59.000Z</time><speed>1.42</speed><course>203.9</course></trkpt>
<trkpt lat="50.5891632" lon="-2.4479721"><time>2026-09-20T13:19:00.000Z</time><speed>1.42</speed><course>185.2</course></trkpt>
<trkpt lat="50.5891507" lon="-2.4479693"><time>2026-09-20T13:19:01.000Z</time><speed>2.06</speed><course>179.5</course></trkpt>
<trkpt lat="50.5891267" lon="-2.4479720"><time>2026-09-20T13:19:02.000Z</time><speed>3.90</speed><course>181.6</course></trkpt>
<trkpt lat="50.5890835" lon="-2.4479808"><time>2026-09-20T13:19:03.000Z</time><speed>5.23</speed><course>181.7</course></trkpt>
<trkpt lat="50.5890344" lon="-2.4479780"><time>2026-09-20T13:19:04.000Z</time><speed>6.11</speed><course>182.4</course></trkpt>
<trkpt lat="50.5889719" lon="-2.4479810"><time>2026-09-20T13:19:05.000Z</time><speed>6.58</speed><course>183.4</course></trkpt>
<trkpt lat="50.5889112" lon="-2.4480021"><time>2026-09-20T13:19:06.000Z</time><speed>6.94</speed><course>186.4</course></trkpt>
<trkpt lat="50.5888500" lon="-2.4480109"><time>2026-09-20T13:19:07.000Z</time><speed>6.98</speed><course>189.5</course></trkpt>
<trkpt lat="50.5887854" lon="-2.4480163"><time>2026-09-20T13:19:08.000Z</time><speed>6.91</speed><course>189.9</course></trkpt>
<trkpt lat="50.5887172" lon="-2.4480331"><time>2026-09-20T13:19:09.000Z</time><speed>7.05</speed><course>189.3</course></trkpt>
<trkpt lat="50.5886633" lon="-2.4480477"><time>2026-09-20T13:19:10.000Z</time><speed>7.07</speed><course>188.6</course></trkpt>
<trkpt lat="50.5885988" lon="-2.4480757"><time>2026-09-20T13:19:11.000Z</time><speed>7.08</speed><course>188.8</course></trkpt>
<trkpt lat="50.5885334" lon="-2.4480923"><time>2026-09-20T13:19:12.000Z</time><speed>7.14</speed><course>189.8</course></trkpt>
<trkpt lat="50.5884725" lon="-2.4481142"><time>2026-09-20T13:19:13.000Z</time><speed>7.11</speed><course>190.7</course></trkpt>
<trkpt lat="50.5884095" lon="-2.4481295"><time>2026-09-20T13:19:14.000Z</time><speed>7.06</speed><course>190.1</course></trkpt>
<trkpt lat="50.5883435" lon="-2.4481431"><time>2026-09-20T13:19:15.000Z</time><speed>7.06</speed><course>189.4</course></trkpt>
<trkpt lat="50.5882839" lon="-2.4481528"><time>2026-09-20T13:19:16.000Z</time><speed>7.00</speed><course>189.9</course></trkpt>
<trkpt lat="50.5882145" lon="-2.4481773"><time>2026-09-20T13:19:17.000Z</time><speed>7.05</speed><course>188.3</course></trkpt>
<trkpt lat="50.5881573" lon="-2.4481832"><time>2026-09-20T13:19:18.000Z</time><speed>7.16</speed><course>187.5</course></trkpt>
<trkpt lat="50.5880861" lon="-2.4481931"><time>2026-09-20T13:19:19.000Z</time><speed>7.24</speed><course>187.5</course></trkpt>
<trkpt lat="50.5880218" lon="-2.4482019"><time>2026-09-20T13:19:20.000Z</time><speed>7.31</speed><course>188.2</course></trkpt>
<trkpt lat="50.5879518" lon="-2.4482265"><time>2026-09-20T13:19:21.000Z</time><speed>7.44</speed><course>188.2</course></trkpt>
<trkpt lat="50.5878838" lon="-2.4482400"><time>2026-09-20T13:19:22.000Z</time><speed>7.48</speed><course>188.7</course></trkpt>
<trkpt lat="50.5878214" lon="-2.4482575"><time>2026-09-20T13:19:23.000Z</time><speed>7.41</speed><course>187.8</course></trkpt>
<trkpt lat="50.5877542" lon="-2.4482770"><time>2026-09-20T13:19:24.000Z</time><speed>7.46</speed><course>187.4</course></trkpt>
<trkpt lat="50.5876840" lon="-2.4482871"><time>2026-09-20T13:19:25.000Z</time><speed>7.53</speed><course>187.7</course></trkpt>
<trkpt lat="50.5876183" lon="-2.4483025"><time>2026-09-20T13:19:26.000Z</time><speed>7.46</speed><course>188.4</course></trkpt>
<trkpt lat="50.5875545" lon="-2.4483199"><time>2026-09-20T13:19:27.000Z</time><speed>7.49</speed><course>188.8</course></trkpt>
<trkpt lat="50.5874858" lon="-2.4483416"><time>2026-09-20T13:19:28.000Z</time><speed>7.57</speed><course>188.3</course></trkpt>
<trkpt lat="50.5874288" lon="-2.4483529"><time>2026-09-20T13:19:29.000Z</time><speed>7.55</speed><course>189.4</course></trkpt>
<trkpt lat="50.5873566" lon="-2.4483818"><time>2026-09-20T13:19:30.000Z</time><speed>7.43</speed><course>190.3</course></trkpt>
<trkpt lat="50.5872889" lon="-2.4484032"><time>2026-09-20T13:19:31.000Z</time><speed>7.36</speed><course>191.6</course></trkpt>
<trkpt lat="50.5872225" lon="-2.4484249"><time>2026-09-20T13:19:32.000Z</time><speed>7.17</speed><course>191.5</course></trkpt>
<trkpt lat="50.5871621" lon="-2.4484498"><time>2026-09-20T13:19:33.000Z</time><speed>7.03</speed><course>192.2</course></trkpt>
<trkpt lat="50.5871055" lon="-2.4484654"><time>2026-09-20T13:19:34.000Z</time><speed>6.93</speed><course>192.5</course></trkpt>
<trkpt lat="50.5870463" lon="-2.4484852"><time>2026-09-20T13:19:35.000Z</time><speed>6.76</speed><course>190.3</course></trkpt>
<trkpt lat="50.5869853" lon="-2.4485059"><time>2026-09-20T13:19:36.000Z</time><speed>6.82</speed><course>189.3</course></trkpt>
<trkpt lat="50.5869297" lon="-2.4485173"><time>2026-09-20T13:19:37.000Z</time><speed>6.95</speed><course>188.2</course></trkpt>
<trkpt lat="50.5868638" lon="-2.4485305"><time>2026-09-20T13:19:38.000Z</time><speed>7.06</speed><course>187.2</course></trkpt>
<trkpt lat="50.5867995" lon="-2.4485483"><time>2026-09-20T13:19:39.000Z</time><speed>7.13</speed><course>187.7</course></trkpt>
<trkpt lat="50.5867379" lon="-2.4485575"><time>2026-09-20T13:19:40.000Z</time><speed>7.22</speed><course>186.9</course></trkpt>
<trkpt lat="50.5866756" lon="-2.4485694"><time>2026-09-20T13:19:41.000Z</time><speed>7.26</speed><course>186.9</course></trkpt>
<trkpt lat="50.5866112" lon="-2.4485823"><time>2026-09-20T13:19:42.000Z</time><speed>7.32</speed><course>189.4</course></trkpt>
<trkpt lat="50.5865392" lon="-2.4485826"><time>2026-09-20T13:19:43.000Z</time><speed>7.41</speed><course>177.7</course></trkpt>
<trkpt lat="50.5864795" lon="-2.4485552"><time>2026-09-20T13:19:44.000Z</time><speed>8.17</speed><course>149.7</course></trkpt>
<trkpt lat="50.5864209" lon="-2.4484578"><time>2026-09-20T13:19:45.000Z</time><speed>8.82</speed><course>115.2</course></trkpt>
<trkpt lat="50.5864081" lon="-2.4483386"><time>2026-09-20T13:19:46.000Z</time><speed>9.26</speed><course>96.0</course></trkpt>
<trkpt lat="50.5864012" lon="-2.4482084"><time>2026-09-20T13:19:47.000Z</time><speed>9.30</speed><course>95.6</course></trkpt>
<trkpt lat="50.5863862" lon="-2.4480753"><time>2026-09-20T13:19:48.000Z</time><speed>9.47</speed><course>95.5</course></trkpt>
<trkpt lat="50.5863806" lon="-2.4479328"><time>2026-09-20T13:19:49.000Z</time><speed>9.41</speed><course>95.4</course></trkpt>
<trkpt lat="50.5863767" lon="-2.4477952"><time>2026-09-20T13:19:50.000Z</time><speed>9.46</speed><course>94.9</course></trkpt>
<trkpt lat="50.5863676" lon="-2.4476704"><time>2026-09-20T13:19:51.000Z</time><speed>9.34</speed><course>95.1</course></trkpt>
<trkpt lat="50.5863603" lon="-2.4475235"><time>2026-09-20T13:19:52.000Z</time><speed>9.37</speed><course>95.7</course></trkpt>
<trkpt lat="50.5863574" lon="-2.4473998"><time>2026-09-20T13:19:53.000Z</time><speed>9.19</speed><course>95.2</course></trkpt>
<trkpt lat="50.5863487" lon="-2.4472688"><time>2026-09-20T13:19:54.000Z</time><speed>9.17</speed><course>95.5</course></trkpt>
<trkpt lat="50.5863410" lon="-2.4471380"><time>2026-09-20T13:19:55.000Z</time><speed>9.12</speed><course>95.2</course></trkpt>
<trkpt lat="50.5863408" lon="-2.4470098"><time>2026-09-20T13:19:56.000Z</time><speed>9.10</speed><course>95.3</course></trkpt>
<trkpt lat="50.5863318" lon="-2.4468926"><time>2026-09-20T13:19:57.000Z</time><speed>8.99</speed><course>95.7</course></trkpt>
<trkpt lat="50.5863230" lon="-2.4467608"><time>2026-09-20T13:19:58.000Z</time><speed>8.92</speed><course>95.7</course></trkpt>
<trkpt lat="50.5863192" lon="-2.4466389"><time>2026-09-20T13:19:59.000Z</time><speed>8.89</speed><course>96.4</course></trkpt>
<trkpt lat="50.5863038" lon="-2.4465093"><time>2026-09-20T13:20:00.000Z</time><speed>8.93</speed><course>96.6</course></trkpt>
<trkpt lat="50.5862974" lon="-2.4463858"><time>2026-09-20T13:20:01.000Z</time><speed>9.02</speed><course>96.1</course></trkpt>
<trkpt lat="50.5862885" lon="-2.4462522"><time>2026-09-20T13:20:02.000Z</time><speed>9.01</speed><course>95.7</course></trkpt>
<trkpt lat="50.5862779" lon="-2.4461145"><time>2026-09-20T13:20:03.000Z</time><speed>8.99</speed><course>96.3</course></trkpt>
<trkpt lat="50.5862718" lon="-2.4459881"><time>2026-09-20T13:20:04.000Z</time><speed>9.00</speed><course>97.3</course></trkpt>
<trkpt lat="50.5862598" lon="-2.4458603"><time>2026-09-20T13:20:05.000Z</time><speed>9.02</speed><course>97.7</course></trkpt>
<trkpt lat="50.5862463" lon="-2.4457383"><time>2026-09-20T13:20:06.000Z</time><speed>9.15</speed><course>97.5</course></trkpt>
<trkpt lat="50.5862367" lon="-2.4456052"><time>2026-09-20T13:20:07.000Z</time><speed>9.18</speed><course>98.1</course></trkpt>
<trkpt lat="50.5862259" lon="-2.4454788"><time>2026-09-20T13:20:08.000Z</time><speed>9.25</speed><course>97.9</course></trkpt>
<trkpt lat="50.5862089" lon="-2.4453433"><time>2026-09-20T13:20:09.000Z</time><speed>9.31</speed><course>100.5</course></trkpt>
<trkpt lat="50.5861925" lon="-2.4452120"><time>2026-09-20T13:20:10.000Z</time><speed>9.44</speed><course>101.6</course></trkpt>
<trkpt lat="50.5861695" lon="-2.4450810"><time>2026-09-20T13:20:11.000Z</time><speed>9.55</speed><course>101.2</course></trkpt>
<trkpt lat="50.5861540" lon="-2.4449448"><time>2026-09-20T13:20:12.000Z</time><speed>9.62</speed><course>100.1</course></trkpt>
<trkpt lat="50.5861397" lon="-2.4448175"><time>2026-09-20T13:20:13.000Z</time><speed>9.76</speed><course>99.9</course></trkpt>
<trkpt lat="50.5861258" lon="-2.4446767"><time>2026-09-20T13:20:14.000Z</time><speed>9.79</speed><course>98.6</course></trkpt>
<trkpt lat="50.5861101" lon="-2.4445328"><time>2026-09-20T13:20:15.000Z</time><speed>9.87</speed><course>98.1</course></trkpt>
<trkpt lat="50.5860925" lon="-2.4443983"><time>2026-09-20T13:20:16.000Z</time><speed>9.88</speed><course>98.8</course></trkpt>
<trkpt lat="50.5860852" lon="-2.4442594"><time>2026-09-20T13:20:17.000Z</time><speed>9.90</speed><course>98.3</course></trkpt>
<trkpt lat="50.5860757" lon="-2.4441305"><time>2026-09-20T13:20:18.000Z</time><speed>9.73</speed><course>97.3</course></trkpt>
<trkpt lat="50.5860640" lon="-2.4439934"><time>2026-09-20T13:20:19.000Z</time><speed>9.43</speed><course>96.1</course></trkpt>
<trkpt lat="50.5860577" lon="-2.4438636"><time>2026-09-20T13:20:20.000Z</time><speed>9.31</speed><course>96.9</course></trkpt>
<trkpt lat="50.5860476" lon="-2.4437211"><time>2026-09-20T13:20:21.000Z</time><speed>9.24</speed><course>95.8</course></trkpt>
<trkpt lat="50.5860420" lon="-2.4435975"><time>2026-09-20T13:20:22.000Z</time><speed>9.14</speed><course>97.0</course></trkpt>
<trkpt lat="50.5860272" lon="-2.4434760"><time>2026-09-20T13:20:23.000Z</time><speed>9.17</speed><course>96.7</course></trkpt>
<trkpt lat="50.5860187" lon="-2.4433378"><time>2026-09-20T13:20:24.000Z</time><speed>9.28</speed><course>97.6</course></trkpt>
<trkpt lat="50.5860038" lon="-2.4432125"><time>2026-09-20T13:20:25.000Z</time><speed>9.44</speed><course>97.2</course></trkpt>
<trkpt lat="50.5859874" lon="-2.4430826"><time>2026-09-20T13:20:26.000Z</time><speed>9.38</speed><course>96.8</course></trkpt>
<trkpt lat="50.5859853" lon="-2.4429524"><time>2026-09-20T13:20:27.000Z</time><speed>9.22</speed><course>88.8</course></trkpt>
<trkpt lat="50.5860078" lon="-2.4428298"><time>2026-09-20T13:20:28.000Z</time><speed>8.02</speed><course>55.1</course></trkpt>
<trkpt lat="50.5860638" lon="-2.4427682"><time>2026-09-20T13:20:29.000Z</time><speed>7.70</speed><course>25.2</course></trkpt>
<trkpt lat="50.5861306" lon="-2.4427328"><time>2026-09-20T13:20:30.000Z</time><speed>8.13</speed><course>20.2</course></trkpt>
<trkpt lat="50.5862067" lon="-2.4426841"><time>2026-09-20T13:20:31.000Z</time><speed>8.52</speed><course>20.3</course></trkpt>
<trkpt lat="50.5862787" lon="-2.4426309"><time>2026-09-20T13:20:32.000Z</time><speed>8.79</speed><course>20.2</course></trkpt>
<trkpt lat="50.5863601" lon="-2.4425950"><time>2026-09-20T13:20:33.000Z</time><speed>9.07</speed><course>18.9</course></trkpt>
<trkpt lat="50.5864397" lon="-2.4425595"><time>2026-09-20T13:20:34.000Z</time><speed>9.33</speed><course>16.8</course></trkpt>
<trkpt lat="50.5865138" lon="-2.4425177"><time>2026-09-20T13:20:35.000Z</time><speed>9.51</speed><course>15.9</course></trkpt>
<trkpt lat="50.5866012" lon="-2.4424776"><time>2026-09-20T13:20:36.000Z</time><speed>9.74</speed><course>15.8</course></trkpt>
<trkpt lat="50.5866858" lon="-2.4424376"><time>2026-09-20T13:20:37.000Z</time><speed>9.89</speed><course>16.0</course></trkpt>
<trkpt lat="50.5867716" lon="-2.4424025"><time>2026-09-20T13:20:38.000Z</time><speed>10.05</speed><course>16.3</course></trkpt>
<trkpt lat="50.5868634" lon="-2.4423634"><time>2026-09-20T13:20:39.000Z</time><speed>10.13</speed><course>16.1</course></trkpt>
<trkpt lat="50.5869496" lon="-2.4423248"><time>2026-09-20T13:20:40.000Z</time><speed>10.07</speed><course>17.3</course></trkpt>
<trkpt lat="50.5870318" lon="-2.4422757"><time>2026-09-20T13:20:41.000Z</time><speed>10.13</speed><course>17.4</course></trkpt>
<trkpt lat="50.5871201" lon="-2.4422376"><time>2026-09-20T13:20:42.000Z</time><speed>10.21</speed><course>17.4</course></trkpt>
<trkpt lat="50.5872119" lon="-2.4421901"><time>2026-09-20T13:20:43.000Z</time><speed>10.20</speed><course>18.9</course></trkpt>
<trkpt lat="50.5872916" lon="-2.4421466"><time>2026-09-20T13:20:44.000Z</time><speed>10.17</speed><course>19.4</course></trkpt>
<trkpt lat="50.5873734" lon="-2.4420857"><time>2026-09-20T13:20:45.000Z</time><speed>10.04</speed><course>20.3</course></trkpt>
<trkpt lat="50.5874561" lon="-2.4420452"><time>2026-09-20T13:20:46.000Z</time><speed>9.91</speed><course>21.0</course></trkpt>
<trkpt lat="50.5875372" lon="-2.4419977"><time>2026-09-20T13:20:47.000Z</time><speed>9.93</speed><course>21.0</course></trkpt>
<trkpt lat="50.5876179" lon="-2.4419553"><time>2026-09-20T13:20:48.000Z</time><speed>9.79</speed><course>22.0</course></trkpt>
<trkpt lat="50.5877011" lon="-2.4419037"><time>2026-09-20T13:20:49.000Z</time><speed>9.70</speed><course>22.7</course></trkpt>
<trkpt lat="50.5877873" lon="-2.4418493"><time>2026-09-20T13:20:50.000Z</time><speed>9.75</speed><course>23.0</course></trkpt>
<trkpt lat="50.5878642" lon="-2.4417978"><time>2026-09-20T13:20:51.000Z</time><speed>9.76</speed><course>22.7</course></trkpt>
<trkpt lat="50.5879509" lon="-2.4417452"><time>2026-09-20T13:20:52.000Z</time><speed>9.65</speed><course>22.3</course></trkpt>
<trkpt lat="50.5880391" lon="-2.4416940"><time>2026-09-20T13:20:53.000Z</time><speed>9.67</speed><course>21.0</course></trkpt>
<trkpt lat="50.5881124" lon="-2.4416266"><time>2026-09-20T13:20:54.000Z</time><speed>9.62</speed><course>21.6</course></trkpt>
<trkpt lat="50.5881954" lon="-2.4415838"><time>2026-09-20T13:20:55.000Z</time><speed>9.71</speed><course>21.5</course></trkpt>
<trkpt lat="50.5882747" lon="-2.4415320"><time>2026-09-20T13:20:56.000Z</time><speed>9.61</speed><course>21.1</course></trkpt>
<trkpt lat="50.5883587" lon="-2.4414869"><time>2026-09-20T13:20:57.000Z</time><speed>9.52</speed><course>21.1</course></trkpt>
<trkpt lat="50.5884355" lon="-2.4414269"><time>2026-09-20T13:20:58.000Z</time><speed>9.49</speed><course>21.6</course></trkpt>
<trkpt lat="50.5885134" lon="-2.4413847"><time>2026-09-20T13:20:59.000Z</time><speed>9.36</speed><course>22.0</course></trkpt>
<trkpt lat="50.5885876" lon="-2.4413316"><time>2026-09-20T13:21:00.000Z</time><speed>9.37</speed><course>23.0</course></trkpt>
<trkpt lat="50.5886685" lon="-2.4412782"><time>2026-09-20T13:21:01.000Z</time><speed>9.23</speed><course>23.6</course></trkpt>
<trkpt lat="50.5887433" lon="-2.4412221"><time>2026-09-20T13:21:02.000Z</time><speed>9.26</speed><course>23.6</course></trkpt>
<trkpt lat="50.5888201" lon="-2.4411709"><time>2026-09-20T13:21:03.000Z</time><speed>9.27</speed><course>24.2</course></trkpt>
<trkpt lat="50.5888962" lon="-2.4411172"><time>2026-09-20T13:21:04.000Z</time><speed>9.08</speed><course>25.3</course></trkpt>
<trkpt lat="50.5889677" lon="-2.4410721"><time>2026-09-20T13:21:05.000Z</time><speed>9.18</speed><course>15.1</course></trkpt>
<trkpt lat="50.5890497" lon="-2.4410587"><time>2026-09-20T13:21:06.000Z</time><speed>9.75</speed><course>350.9</course></trkpt>
<trkpt lat="50.5891298" lon="-2.4411227"><time>2026-09-20T13:21:07.000Z</time><speed>9.96</speed><course>320.7</course></trkpt>
<trkpt lat="50.5891815" lon="-2.4412352"><time>2026-09-20T13:21:08.000Z</time><speed>9.80</speed><course>296.3</course></trkpt>
<trkpt lat="50.5892196" lon="-2.4413529"><time>2026-09-20T13:21:09.000Z</time><speed>9.17</speed><course>296.4</course></trkpt>
<trkpt lat="50.5892572" lon="-2.4414520"><time>2026-09-20T13:21:10.000Z</time><speed>9.04</speed><course>295.4</course></trkpt>
<trkpt lat="50.5892902" lon="-2.4415850"><time>2026-09-20T13:21:11.000Z</time><speed>8.72</speed><course>294.4</course></trkpt>
<trkpt lat="50.5893227" lon="-2.4416972"><time>2026-09-20T13:21:12.000Z</time><speed>8.74</speed><course>292.8</course></trkpt>
<trkpt lat="50.5893498" lon="-2.4418152"><time>2026-09-20T13:21:13.000Z</time><speed>8.47</speed><course>291.1</course></trkpt>
<trkpt lat="50.5893774" lon="-2.4419339"><time>2026-09-20T13:21:14.000Z</time><speed>8.39</speed><course>290.6</course></trkpt>
<trkpt lat="50.5894045" lon="-2.4420336"><time>2026-09-20T13:21:15.000Z</time><speed>8.25</speed><course>289.0</course></trkpt>
<trkpt lat="50.5894230" lon="-2.4421455"><time>2026-09-20T13:21:16.000Z</time><speed>8.11</speed><course>288.6</course></trkpt>
<trkpt lat="50.5894460" lon="-2.4422550"><time>2026-09-20T13:21:17.000Z</time><speed>8.01</speed><course>286.7</course></trkpt>
<trkpt lat="50.5894676" lon="-2.4423605"><time>2026-09-20T13:21:18.000Z</time><speed>8.07</speed><course>286.2</course></trkpt>
<trkpt lat="50.5894884" lon="-2.4424648"><time>2026-09-20T13:21:19.000Z</time><speed>7.78</speed><course>285.5</course></trkpt>
<trkpt lat="50.5895027" lon="-2.4425720"><time>2026-09-20T13:21:20.000Z</time><speed>7.76</speed><course>285.9</course></trkpt>
<trkpt lat="50.5895230" lon="-2.4426703"><time>2026-09-20T13:21:21.000Z</time><speed>7.72</speed><course>286.0</course></trkpt>
<trkpt lat="50.5895487" lon="-2.4427855"><time>2026-09-20T13:21:22.000Z</time><speed>7.68</speed><course>286.1</course></trkpt>
<trkpt lat="50.5895633" lon="-2.4428790"><time>2026-09-20T13:21:23.000Z</time><speed>7.63</speed><course>286.7</course></trkpt>
<trkpt lat="50.5895850" lon="-2.4429818"><time>2026-09-20T13:21:24.000Z</time><speed>7.73</speed><course>287.3</course></trkpt>
<trkpt lat="50.5896037" lon="-2.4430873"><time>2026-09-20T13:21:25.000Z</time><speed>7.78</speed><course>285.9</course></trkpt>
<trkpt lat="50.5896219" lon="-2.4431850"><time>2026-09-20T13:21:26.000Z</time><speed>7.81</speed><course>284.5</course></trkpt>
<trkpt lat="50.5896362" lon="-2.4432942"><time>2026-09-20T13:21:27.000Z</time><speed>7.66</speed><course>285.5</course></trkpt>
<trkpt lat="50.5896556" lon="-2.4434128"><time>2026-09-20T13:21:28.000Z</time><speed>7.63</speed><course>286.8</course></trkpt>
<trkpt lat="50.5896752" lon="-2.4435108"><time>2026-09-20T13:21:29.000Z</time><speed>7.59</speed><course>286.4</course></trkpt>
<trkpt lat="50.5896906" lon="-2.4436141"><time>2026-09-20T13:21:30.000Z</time><speed>7.61</speed><course>286.7</course></trkpt>
<trkpt lat="50.5897087" lon="-2.4437214"><time>2026-09-20T13:21:31.000Z</time><speed>7.54</speed><course>287.0</course></trkpt>
<trkpt lat="50.5897274" lon="-2.4438175"><time>2026-09-20T13:21:32.000Z</time><speed>7.45</speed><course>286.2</course></trkpt>
<trkpt lat="50.5897438" lon="-2.4439220"><time>2026-09-20T13:21:33.000Z</time><speed>7.53</speed><course>286.9</course></trkpt>
<trkpt lat="50.5897659" lon="-2.4440248"><time>2026-09-20T13:21:34.000Z</time><speed>7.44</speed><course>287.7</course></trkpt>
<trkpt lat="50.5897886" lon="-2.4441239"><time>2026-09-20T13:21:35.000Z</time><speed>7.65</speed><course>288.9</course></trkpt>
<trkpt lat="50.5898191" lon="-2.4442334"><time>2026-09-20T13:21:36.000Z</time><speed>7.74</speed><course>290.0</course></trkpt>
<trkpt lat="50.5898371" lon="-2.4443288"><time>2026-09-20T13:21:37.000Z</time><speed>7.80</speed><course>289.2</course></trkpt>
<trkpt lat="50.5898638" lon="-2.4444294"><time>2026-09-20T13:21:38.000Z</time><speed>7.77</speed><course>287.5</course></trkpt>
<trkpt lat="50.5898893" lon="-2.4445324"><time>2026-09-20T13:21:39.000Z</time><speed>7.85</speed><course>284.8</course></trkpt>
<trkpt lat="50.5899018" lon="-2.4446342"><time>2026-09-20T13:21:40.000Z</time><speed>7.80</speed><course>284.1</course></trkpt>
<trkpt lat="50.5899796" lon="-2.4451576"><time>2026-09-20T13:21:45.000Z</time><speed>7.39</speed><course>282.5</course></trkpt>
<trkpt lat="50.5899957" lon="-2.4452579"><time>2026-09-20T13:21:46.000Z</time><speed>7.53</speed><course>283.7</course></trkpt>
<trkpt lat="50.5900122" lon="-2.4453574"><time>2026-09-20T13:21:47.000Z</time><speed>7.54</speed><course>283.9</course></trkpt>
<trkpt lat="50.5900190" lon="-2.4454723"><time>2026-09-20T13:21:48.000Z</time><speed>7.54</speed><course>283.4</course></trkpt>
<trkpt lat="50.5900337" lon="-2.4455727"><time>2026-09-20T13:21:49.000Z</time><speed>7.55</speed><course>282.8</course></trkpt>
<trkpt lat="50.5900506" lon="-2.4456724"><time>2026-09-20T13:21:50.000Z</time><speed>7.41</speed><course>281.5</course></trkpt>
<trkpt lat="50.5900649" lon="-2.4457770"><time>2026-09-20T13:21:51.000Z</time><speed>7.49</speed><course>282.5</course></trkpt>
<trkpt lat="50.5900763" lon="-2.4458806"><time>2026-09-20T13:21:52.000Z</time><speed>7.52</speed><course>281.6</course></trkpt>
<trkpt lat="50.5900839" lon="-2.4459691"><time>2026-09-20T13:21:53.000Z</time><speed>7.41</speed><course>280.4</course></trkpt>
<trkpt lat="50.5900929" lon="-2.4460766"><time>2026-09-20T13:21:54.000Z</time><speed>7.33</speed><course>268.5</course></trkpt>
<trkpt lat="50.5900785" lon="-2.4461647"><time>2026-09-20T13:21:55.000Z</time><speed>5.77</speed><course>231.4</course></trkpt>
<trkpt lat="50.5900349" lon="-2.4461988"><time>2026-09-20T13:21:56.000Z</time><speed>4.93</speed><course>195.9</course></trkpt>
<trkpt lat="50.5899975" lon="-2.4462072"><time>2026-09-20T13:21:57.000Z</time><speed>5.81</speed><course>177.8</course></trkpt>
<trkpt lat="50.5899399" lon="-2.4462069"><time>2026-09-20T13:21:58.000Z</time><speed>6.56</speed><course>179.6</course></trkpt>
<trkpt lat="50.5898783" lon="-2.4462028"><time>2026-09-20T13:21:59.000Z</time><speed>7.07</speed><course>179.5</course></trkpt>
<trkpt lat="50.5898132" lon="-2.4462040"><time>2026-09-20T13:22:00.000Z</time><speed>7.54</speed><course>180.4</course></trkpt>
<trkpt lat="50.5897433" lon="-2.4462124"><time>2026-09-20T13:22:01.000Z</time><speed>7.70</speed><course>180.1</course></trkpt>
<trkpt lat="50.5896747" lon="-2.4462138"><time>2026-09-20T13:22:02.000Z</time><speed>7.81</speed><course>182.0</course></trkpt>
<trkpt lat="50.5896054" lon="-2.4462160"><time>2026-09-20T13:22:03.000Z</time><speed>7.89</speed><course>185.0</course></trkpt>
<trkpt lat="50.5895413" lon="-2.4462274"><time>2026-09-20T13:22:04.000Z</time><speed>7.66</speed><course>185.9</course></trkpt>
<trkpt lat="50.5894715" lon="-2.4462437"><time>2026-09-20T13:22:05.000Z</time><speed>7.65</speed><course>186.0</course></trkpt>
<trkpt lat="50.5894027" lon="-2.4462671"><time>2026-09-20T13:22:06.000Z</time><speed>7.59</speed><course>186.3</course></trkpt>
<trkpt lat="50.5893330" lon="-2.4462739"><time>2026-09-20T13:22:07.000Z</time><speed>7.47</speed><course>185.8</course></trkpt>
<trkpt lat="50.5892630" lon="-2.4462846"><time>2026-09-20T13:22:08.000Z</time><speed>7.53</speed><course>184.9</course></trkpt>
<trkpt lat="50.5891916" lon="-2.4462997"><time>2026-09-20T13:22:09.000Z</time><speed>7.58</speed><course>184.7</course></trkpt>
<trkpt lat="50.5891248" lon="-2.4463117"><time>2026-09-20T13:22:10.000Z</time><speed>7.61</speed><course>185.4</course></trkpt>
<trkpt lat="50.5890619" lon="-2.4463213"><time>2026-09-20T13:22:11.000Z</time><speed>7.67</speed><course>185.3</course></trkpt>
<trkpt lat="50.5889886" lon="-2.4463250"><time>2026-09-20T13:22:12.000Z</time><speed>7.69</speed><course>186.4</course></trkpt>
<trkpt lat="50.5889163" lon="-2.4463304"><time>2026-09-20T13:22:13.000Z</time><speed>7.65</speed><course>186.6</course></trkpt>
<trkpt lat="50.5888556" lon="-2.4463454"><time>2026-09-20T13:22:14.000Z</time><speed>7.54</speed><course>186.7</course></trkpt>
<trkpt lat="50.5887866" lon="-2.4463681"><time>2026-09-20T13:22:15.000Z</time><speed>7.51</speed><course>185.9</course></trkpt>
<trkpt lat="50.5887241" lon="-2.4463790"><time>2026-09-20T13:22:16.000Z</time><speed>7.32</speed><course>184.9</course></trkpt>
<trkpt lat="50.5886547" lon="-2.4463868"><time>2026-09-20T13:22:17.000Z</time><speed>7.32</speed><course>185.4</course></trkpt>
<trkpt lat="50.5885909" lon="-2.4463982"><time>2026-09-20T13:22:18.000Z</time><speed>7.26</speed><course>185.9</course></trkpt>
<trkpt lat="50.5885255" lon="-2.4464080"><time>2026-09-20T13:22:19.000Z</time><speed>7.16</speed><course>186.5</course></trkpt>
<trkpt lat="50.5884652" lon="-2.4464179"><time>2026-09-20T13:22:20.000Z</time><speed>7.17</speed><course>187.3</course></trkpt>
<trkpt lat="50.5884026" lon="-2.4464435"><time>2026-09-20T13:22:21.000Z</time><speed>7.12</speed><course>188.9</course></trkpt>
<trkpt lat="50.5883312" lon="-2.4464498"><time>2026-09-20T13:22:22.000Z</time><speed>7.11</speed><course>188.0</course></trkpt>
<trkpt lat="50.5882707" lon="-2.4464537"><time>2026-09-20T13:22:23.000Z</time><speed>7.12</speed><course>187.6</course></trkpt>
<trkpt lat="50.5881973" lon="-2.4464755"><time>2026-09-20T13:22:24.000Z</time><speed>7.07</speed><course>187.4</course></trkpt>
<trkpt lat="50.5881378" lon="-2.4464880"><time>2026-09-20T13:22:25.000Z</time><speed>7.19</speed><course>187.1</course></trkpt>
<trkpt lat="50.5880765" lon="-2.4465047"><time>2026-09-20T13:22:26.000Z</time><speed>7.16</speed><course>185.7</course></trkpt>
<trkpt lat="50.5880080" lon="-2.4465164"><time>2026-09-20T13:22:27.000Z</time><speed>7.11</speed><course>184.0</course></trkpt>
<trkpt lat="50.5879489" lon="-2.4465256"><time>2026-09-20T13:22:28.000Z</time><speed>7.31</speed><course>183.1</course></trkpt>
<trkpt lat="50.5878758" lon="-2.4465357"><time>2026-09-20T13:22:29.000Z</time><speed>7.47</speed><course>183.0</course></trkpt>
<trkpt lat="50.5878130" lon="-2.4465393"><time>2026-09-20T13:22:30.000Z</time><speed>7.65</speed><course>182.6</course></trkpt>
<trkpt lat="50.5877398" lon="-2.4465483"><time>2026-09-20T13:22:31.000Z</time><speed>7.75</speed><course>182.4</course></trkpt>
<trkpt lat="50.5876708" lon="-2.4465450"><time>2026-09-20T13:22:32.000Z</time><speed>7.83</speed><course>181.3</course></trkpt>
<trkpt lat="50.5875966" lon="-2.4465542"><time>2026-09-20T13:22:33.000Z</time><speed>7.88</speed><course>183.8</course></trkpt>
<trkpt lat="50.5875263" lon="-2.4465557"><time>2026-09-20T13:22:34.000Z</time><speed>7.80</speed><course>183.4</course></trkpt>
<trkpt lat="50.5874605" lon="-2.4465572"><time>2026-09-20T13:22:35.000Z</time><speed>7.90</speed><course>183.0</course></trkpt>
<trkpt lat="50.5873900" lon="-2.4465650"><time>2026-09-20T13:22:36.000Z</time><speed>7.84</speed><course>182.6</course></trkpt>
<trkpt lat="50.5873173" lon="-2.4465661"><time>2026-09-20T13:22:37.000Z</time><speed>7.86</speed><course>182.9</course></trkpt>
<trkpt lat="50.5872500" lon="-2.4465813"><time>2026-09-20T13:22:38.000Z</time><speed>7.91</speed><course>182.5</course></trkpt>
<trkpt lat="50.5871793" lon="-2.4465884"><time>2026-09-20T13:22:39.000Z</time><speed>7.84</speed><course>182.7</course></trkpt>
<trkpt lat="50.5871104" lon="-2.4465917"><time>2026-09-20T13:22:40.000Z</time><speed>7.78</speed><course>182.3</course></trkpt>
<trkpt lat="50.5870452" lon="-2.4466014"><time>2026-09-20T13:22:41.000Z</time><speed>7.87</speed><course>183.2</course></trkpt>
<trkpt lat="50.5869646" lon="-2.4466086"><time>2026-09-20T13:22:42.000Z</time><speed>7.80</speed><course>184.3</course></trkpt>
<trkpt lat="50.5869037" lon="-2.4466172"><time>2026-09-20T13:22:43.000Z</time><speed>7.64</speed><course>184.3</course></trkpt>
<trkpt lat="50.5868326" lon="-2.4466283"><time>2026-09-20T13:22:44.000Z</time><speed>7.68</speed><course>184.0</course></trkpt>
<trkpt lat="50.5867617" lon="-2.4466277"><time>2026-09-20T13:22:45.000Z</time><speed>7.64</speed><course>182.5</course></trkpt>
<trkpt lat="50.5866935" lon="-2.4466420"><time>2026-09-20T13:22:46.000Z</time><speed>7.63</speed><course>181.0</course></trkpt>
<trkpt lat="50.5866247" lon="-2.4466494"><time>2026-09-20T13:22:47.000Z</time><speed>7.66</speed><course>182.2</course></trkpt>
<trkpt lat="50.5865563" lon="-2.4466471"><time>2026-09-20T13:22:48.000Z</time><speed>7.68</speed><course>182.0</course></trkpt>
<trkpt lat="50.5864911" lon="-2.4466533"><time>2026-09-20T13:22:49.000Z</time><speed>7.73</speed><course>181.9</course></trkpt>
<trkpt lat="50.5864211" lon="-2.4466570"><time>2026-09-20T13:22:50.000Z</time><speed>7.79</speed><course>181.1</course></trkpt>
<trkpt lat="50.5863560" lon="-2.4466574"><time>2026-09-20T13:22:51.000Z</time><speed>7.77</speed><course>179.8</course></trkpt>
<trkpt lat="50.5862858" lon="-2.4466632"><time>2026-09-20T13:22:52.000Z</time><speed>7.79</speed><course>180.7</course></trkpt>
<trkpt lat="50.5862127" lon="-2.4466569"><time>2026-09-20T13:22:53.000Z</time><speed>7.85</speed><course>179.8</course></trkpt>
<trkpt lat="50.5861462" lon="-2.4466491"><time>2026-09-20T13:22:54.000Z</time><speed>7.85</speed><course>180.0</course></trkpt>
<trkpt lat="50.5860754" lon="-2.4466548"><time>2026-09-20T13:22:55.000Z</time><speed>7.89</speed><course>178.7</course></trkpt>
<trkpt lat="50.5860042" lon="-2.4466468"><time>2026-09-20T13:22:56.000Z</time><speed>7.73</speed><course>179.1</course></trkpt>
<trkpt lat="50.5859314" lon="-2.4466511"><time>2026-09-20T13:22:57.000Z</time><speed>7.91</speed><course>179.0</course></trkpt>
<trkpt lat="50.5858563" lon="-2.4466525"><time>2026-09-20T13:22:58.000Z</time><speed>7.99</speed><course>179.6</course></trkpt>
<trkpt lat="50.5857845" lon="-2.4466539"><time>2026-09-20T13:22:59.000Z</time><speed>7.93</speed><course>179.8</course></trkpt>
<trkpt lat="50.5857119" lon="-2.4466550"><time>2026-09-20T13:23:00.000Z</time><speed>7.83</speed><course>179.3</course></trkpt>
<trkpt lat="50.5856421" lon="-2.4466536"><time>2026-09-20T13:23:01.000Z</time><speed>7.75</speed><course>180.1</course></trkpt>
<trkpt lat="50.5855713" lon="-2.4466400"><time>2026-09-20T13:23:02.000Z</time><speed>7.77</speed><course>180.0</course></trkpt>
<trkpt lat="50.5855037" lon="-2.4466439"><time>2026-09-20T13:23:03.000Z</time><speed>7.67</speed><course>180.3</course></trkpt>
<trkpt lat="50.5854446" lon="-2.4466419"><time>2026-09-20T13:23:04.000Z</time><speed>7.56</speed><course>180.9</course></trkpt>
<trkpt lat="50.5853708" lon="-2.4466505"><time>2026-09-20T13:23:05.000Z</time><speed>7.48</speed><course>181.3</course></trkpt>
<trkpt lat="50.5853017" lon="-2.4466518"><time>2026-09-20T13:23:06.000Z</time><speed>7.25</speed><course>181.4</course></trkpt>
<trkpt lat="50.5852362" lon="-2.4466519"><time>2026-09-20T13:23:07.000Z</time><speed>7.26</speed><course>181.3</course></trkpt>
<trkpt lat="50.5851700" lon="-2.4466528"><time>2026-09-20T13:23:08.000Z</time><speed>7.43</speed><course>181.2</course></trkpt>
<trkpt lat="50.5851093" lon="-2.4466621"><time>2026-09-20T13:23:09.000Z</time><speed>7.28</speed><course>180.7</course></trkpt>
<trkpt lat="50.5850460" lon="-2.4466610"><time>2026-09-20T13:23:10.000Z</time><speed>7.41</speed><course>181.7</course></trkpt>
<trkpt lat="50.5849775" lon="-2.4466677"><time>2026-09-20T13:23:11.000Z</time><speed>7.34</speed><course>181.8</course></trkpt>
<trkpt lat="50.5849072" lon="-2.4466665"><time>2026-09-20T13:23:12.000Z</time><speed>7.35</speed><course>181.5</course></trkpt>
<trkpt lat="50.5848388" lon="-2.4466642"><time>2026-09-20T13:23:13.000Z</time><speed>7.37</speed><course>181.4</course></trkpt>
<trkpt lat="50.5847799" lon="-2.4466703"><time>2026-09-20T13:23:14.000Z</time><speed>7.45</speed><course>181.8</course></trkpt>
<trkpt lat="50.5847094" lon="-2.4466700"><time>2026-09-20T13:23:15.000Z</time><speed>7.36</speed><course>181.2</course></trkpt>
<trkpt lat="50.5846430" lon="-2.4466722"><time>2026-09-20T13:23:16.000Z</time><speed>7.40</speed><course>179.9</course></trkpt>
<trkpt lat="50.5845767" lon="-2.4466669"><time>2026-09-20T13:23:17.000Z</time><speed>7.45</speed><course>179.5</course></trkpt>
<trkpt lat="50.5845073" lon="-2.4466638"><time>2026-09-20T13:23:18.000Z</time><speed>7.60</speed><course>179.5</course></trkpt>
<trkpt lat="50.5844405" lon="-2.4466567"><time>2026-09-20T13:23:19.000Z</time><speed>7.60</speed><course>179.2</course></trkpt>
<trkpt lat="50.5843706" lon="-2.4466701"><time>2026-09-20T13:23:20.000Z</time><speed>7.56</speed><course>181.0</course></trkpt>
<trkpt lat="50.5843025" lon="-2.4466663"><time>2026-09-20T13:23:21.000Z</time><speed>7.53</speed><course>182.7</course></trkpt>
<trkpt lat="50.5842391" lon="-2.4466923"><time>2026-09-20T13:23:22.000Z</time><speed>6.56</speed><course>209.8</course></trkpt>
<trkpt lat="50.5842075" lon="-2.4467536"><time>2026-09-20T13:23:23.000Z</time><speed>5.14</speed><course>248.5</course></trkpt>
<trkpt lat="50.5842027" lon="-2.4468215"><time>2026-09-20T13:23:24.000Z</time><speed>5.28</speed><course>275.0</course></trkpt>
<trkpt lat="50.5842129" lon="-2.4469110"><time>2026-09-20T13:23:25.000Z</time><speed>6.07</speed><course>282.8</course></trkpt>
<trkpt lat="50.5842262" lon="-2.4469886"><time>2026-09-20T13:23:26.000Z</time><speed>6.83</speed><course>282.0</course></trkpt>
<trkpt lat="50.5842387" lon="-2.4470950"><time>2026-09-20T13:23:27.000Z</time><speed>7.17</speed><course>280.2</course></trkpt>
<trkpt lat="50.5842486" lon="-2.4471921"><time>2026-09-20T13:23:28.000Z</time><speed>7.40</speed><course>278.3</course></trkpt>
<trkpt lat="50.5842621" lon="-2.4473023"><time>2026-09-20T13:23:29.000Z</time><speed>7.55</speed><course>275.7</course></trkpt>
<trkpt lat="50.5842718" lon="-2.4473963"><time>2026-09-20T13:23:30.000Z</time><speed>7.66</speed><course>275.7</course></trkpt>
<trkpt lat="50.5842763" lon="-2.4475045"><time>2026-09-20T13:23:31.000Z</time><speed>7.56</speed><course>275.5</course></trkpt>
<trkpt lat="50.5842754" lon="-2.4476184"><time>2026-09-20T13:23:32.000Z</time><speed>7.58</speed><course>275.6</course></trkpt>
<trkpt lat="50.5842855" lon="-2.4477297"><time>2026-09-20T13:23:33.000Z</time><speed>7.63</speed><course>275.0</course></trkpt>
<trkpt lat="50.5842913" lon="-2.4478267"><time>2026-09-20T13:23:34.000Z</time><speed>7.40</speed><course>274.2</course></trkpt>
<trkpt lat="50.5843003" lon="-2.4479233"><time>2026-09-20T13:23:35.000Z</time><speed>7.37</speed><course>274.4</course></trkpt>
<trkpt lat="50.5843016" lon="-2.4480346"><time>2026-09-20T13:23:36.000Z</time><speed>7.21</speed><course>275.6</course></trkpt>
<trkpt lat="50.5843067" lon="-2.4481421"><time>2026-09-20T13:23:37.000Z</time><speed>7.22</speed><course>275.2</course></trkpt>
<trkpt lat="50.5843130" lon="-2.4482360"><time>2026-09-20T13:23:38.000Z</time><speed>7.24</speed><course>275.9</course></trkpt>
<trkpt lat="50.5843246" lon="-2.4483442"><time>2026-09-20T13:23:39.000Z</time><speed>7.19</speed><course>276.3</course></trkpt>
<trkpt lat="50.5843234" lon="-2.4484481"><time>2026-09-20T13:23:40.000Z</time><speed>7.34</speed><course>277.5</course></trkpt>
<trkpt lat="50.5843397" lon="-2.4485464"><time>2026-09-20T13:23:41.000Z</time><speed>7.41</speed><course>278.4</course></trkpt>
<trkpt lat="50.5843497" lon="-2.4486450"><time>2026-09-20T13:23:42.000Z</time><speed>7.36</speed><course>278.7</course></trkpt>
<trkpt lat="50.5843604" lon="-2.4487531"><time>2026-09-20T13:23:43.000Z</time><speed>7.48</speed><course>277.5</course></trkpt>
<trkpt lat="50.5843685" lon="-2.4488524"><time>2026-09-20T13:23:44.000Z</time><speed>7.46</speed><course>276.5</course></trkpt>
<trkpt lat="50.5843827" lon="-2.4489646"><time>2026-09-20T13:23:45.000Z</time><speed>7.50</speed><course>277.8</course></trkpt>
<trkpt lat="50.5843916" lon="-2.4490675"><time>2026-09-20T13:23:46.000Z</time><speed>7.37</speed><course>278.1</course></trkpt>
<trkpt lat="50.5843992" lon="-2.4491755"><time>2026-09-20T13:23:47.000Z</time><speed>7.46</speed><course>278.4</course></trkpt>
<trkpt lat="50.5844158" lon="-2.4492736"><time>2026-09-20T13:23:48.000Z</time><speed>7.60</speed><course>277.9</course></trkpt>
<trkpt lat="50.5844210" lon="-2.4493816"><time>2026-09-20T13:23:49.000Z</time><speed>7.61</speed><course>277.9</course></trkpt>
<trkpt lat="50.5844289" lon="-2.4494936"><time>2026-09-20T13:23:50.000Z</time><speed>7.66</speed><course>278.0</course></trkpt>
<trkpt lat="50.5844369" lon="-2.4495959"><time>2026-09-20T13:23:51.000Z</time><speed>7.84</speed><course>277.9</course></trkpt>
<trkpt lat="50.5844550" lon="-2.4497108"><time>2026-09-20T13:23:52.000Z</time><speed>7.89</speed><course>278.4</course></trkpt>
<trkpt lat="50.5844649" lon="-2.4498229"><time>2026-09-20T13:23:53.000Z</time><speed>7.79</speed><course>277.3</course></trkpt>
<trkpt lat="50.5844735" lon="-2.4499395"><time>2026-09-20T13:23:54.000Z</time><speed>7.86</speed><course>277.3</course></trkpt>
<trkpt lat="50.5844779" lon="-2.4500439"><time>2026-09-20T13:23:55.000Z</time><speed>7.92</speed><course>275.9</course></trkpt>
<trkpt lat="50.5844838" lon="-2.4501618"><time>2026-09-20T13:23:56.000Z</time><speed>7.84</speed><course>275.4</course></trkpt>
<trkpt lat="50.5844901" lon="-2.4502729"><time>2026-09-20T13:23:57.000Z</time><speed>7.85</speed><course>276.5</course></trkpt>
<trkpt lat="50.5845006" lon="-2.4503855"><time>2026-09-20T13:23:58.000Z</time><speed>7.96</speed><course>277.6</course></trkpt>
<trkpt lat="50.5845056" lon="-2.4504904"><time>2026-09-20T13:23:59.000Z</time><speed>7.99</speed><course>277.9</course></trkpt>
<trkpt lat="50.5845122" lon="-2.4505987"><time>2026-09-20T13:24:00.000Z</time><speed>8.05</speed><course>276.9</course></trkpt>
<trkpt lat="50.5845254" lon="-2.4507197"><time>2026-09-20T13:24:01.000Z</time><speed>8.03</speed><course>276.8</course></trkpt>
<trkpt lat="50.5845414" lon="-2.4508275"><time>2026-09-20T13:24:02.000Z</time><speed>8.24</speed><course>289.7</course></trkpt>
<trkpt lat="50.5845781" lon="-2.4509247"><time>2026-09-20T13:24:03.000Z</time><speed>8.87</speed><course>321.1</course></trkpt>
<trkpt lat="50.5846569" lon="-2.4509706"><time>2026-09-20T13:24:04.000Z</time><speed>9.47</speed><course>352.7</course></trkpt>
<trkpt lat="50.5847461" lon="-2.4509662"><time>2026-09-20T13:24:05.000Z</time><speed>9.67</speed><course>9.1</course></trkpt>
<trkpt lat="50.5848279" lon="-2.4509438"><time>2026-09-20T13:24:06.000Z</time><speed>9.63</speed><course>8.7</course></trkpt>
<trkpt lat="50.5849093" lon="-2.4509253"><time>2026-09-20T13:24:07.000Z</time><speed>9.62</speed><course>9.2</course></trkpt>
<trkpt lat="50.5849969" lon="-2.4509068"><time>2026-09-20T13:24:08.000Z</time><speed>9.60</speed><course>9.4</course></trkpt>
<trkpt lat="50.5850793" lon="-2.4508845"><time>2026-09-20T13:24:09.000Z</time><speed>9.58</speed><course>10.1</course></trkpt>
<trkpt lat="50.5851695" lon="-2.4508602"><time>2026-09-20T13:24:10.000Z</time><speed>9.58</speed><course>10.5</course></trkpt>
<trkpt lat="50.5852576" lon="-2.4508424"><time>2026-09-20T13:24:11.000Z</time><speed>9.51</speed><course>11.5</course></trkpt>
<trkpt lat="50.5853385" lon="-2.4508112"><time>2026-09-20T13:24:12.000Z</time><speed>9.26</speed><course>12.0</course></trkpt>
<trkpt lat="50.5854203" lon="-2.4507928"><time>2026-09-20T13:24:13.000Z</time><speed>9.29</speed><course>11.7</course></trkpt>
<trkpt lat="50.5855006" lon="-2.4507604"><time>2026-09-20T13:24:14.000Z</time><speed>9.27</speed><course>11.4</course></trkpt>
<trkpt lat="50.5855815" lon="-2.4507406"><time>2026-09-20T13:24:15.000Z</time><speed>9.26</speed><course>11.6</course></trkpt>
<trkpt lat="50.5856673" lon="-2.4507211"><time>2026-09-20T13:24:16.000Z</time><speed>9.22</speed><course>10.9</course></trkpt>
<trkpt lat="50.5857471" lon="-2.4506983"><time>2026-09-20T13:24:17.000Z</time><speed>9.27</speed><course>8.6</course></trkpt>
<trkpt lat="50.5858315" lon="-2.4506731"><time>2026-09-20T13:24:18.000Z</time><speed>9.44</speed><course>7.7</course></trkpt>
<trkpt lat="50.5859116" lon="-2.4506600"><time>2026-09-20T13:24:19.000Z</time><speed>9.37</speed><course>6.2</course></trkpt>
<trkpt lat="50.5859944" lon="-2.4506478"><time>2026-09-20T13:24:20.000Z</time><speed>9.47</speed><course>6.6</course></trkpt>
<trkpt lat="50.5860857" lon="-2.4506227"><time>2026-09-20T13:24:21.000Z</time><speed>9.50</speed><course>6.2</course></trkpt>
<trkpt lat="50.5861646" lon="-2.4506065"><time>2026-09-20T13:24:22.000Z</time><speed>9.55</speed><course>5.7</course></trkpt>
<trkpt lat="50.5862504" lon="-2.4505883"><time>2026-09-20T13:24:23.000Z</time><speed>9.64</speed><course>6.2</course></trkpt>
<trkpt lat="50.5863360" lon="-2.4505721"><time>2026-09-20T13:24:24.000Z</time><speed>9.64</speed><course>5.9</course></trkpt>
<trkpt lat="50.5864179" lon="-2.4505613"><time>2026-09-20T13:24:25.000Z</time><speed>9.71</speed><course>5.4</course></trkpt>
<trkpt lat="50.5865002" lon="-2.4505512"><time>2026-09-20T13:24:26.000Z</time><speed>9.63</speed><course>6.2</course></trkpt>
<trkpt lat="50.5865838" lon="-2.4505382"><time>2026-09-20T13:24:27.000Z</time><speed>9.56</speed><course>6.9</course></trkpt>
<trkpt lat="50.5866648" lon="-2.4505219"><time>2026-09-20T13:24:28.000Z</time><speed>9.60</speed><course>6.5</course></trkpt>
<trkpt lat="50.5867518" lon="-2.4505044"><time>2026-09-20T13:24:29.000Z</time><speed>9.57</speed><course>5.2</course></trkpt>
<trkpt lat="50.5868407" lon="-2.4504881"><time>2026-09-20T13:24:30.000Z</time><speed>9.62</speed><course>4.7</course></trkpt>
<trkpt lat="50.5869276" lon="-2.4504775"><time>2026-09-20T13:24:31.000Z</time><speed>9.73</speed><course>4.5</course></trkpt>
<trkpt lat="50.5870148" lon="-2.4504657"><time>2026-09-20T13:24:32.000Z</time><speed>9.72</speed><course>5.0</course></trkpt>
<trkpt lat="50.5871077" lon="-2.4504630"><time>2026-09-20T13:24:33.000Z</time><speed>9.75</speed><course>6.0</course></trkpt>
<trkpt lat="50.5871913" lon="-2.4504440"><time>2026-09-20T13:24:34.000Z</time><speed>9.69</speed><course>7.4</course></trkpt>
<trkpt lat="50.5872809" lon="-2.4504201"><time>2026-09-20T13:24:35.000Z</time><speed>9.70</speed><course>8.1</course></trkpt>
<trkpt lat="50.5873595" lon="-2.4503993"><time>2026-09-20T13:24:36.000Z</time><speed>9.70</speed><course>8.7</course></trkpt>
<trkpt lat="50.5874492" lon="-2.4503774"><time>2026-09-20T13:24:37.000Z</time><speed>9.56</speed><course>8.3</course></trkpt>
<trkpt lat="50.5875311" lon="-2.4503561"><time>2026-09-20T13:24:38.000Z</time><speed>9.59</speed><course>9.7</course></trkpt>
<trkpt lat="50.5876189" lon="-2.4503477"><time>2026-09-20T13:24:39.000Z</time><speed>9.59</speed><course>8.8</course></trkpt>
<trkpt lat="50.5877018" lon="-2.4503239"><time>2026-09-20T13:24:40.000Z</time><speed>9.52</speed><course>9.3</course></trkpt>
<trkpt lat="50.5877887" lon="-2.4503075"><time>2026-09-20T13:24:41.000Z</time><speed>9.47</speed><course>9.3</course></trkpt>
<trkpt lat="50.5878630" lon="-2.4502899"><time>2026-09-20T13:24:42.000Z</time><speed>9.48</speed><course>9.1</course></trkpt>
<trkpt lat="50.5879587" lon="-2.4502727"><time>2026-09-20T13:24:43.000Z</time><speed>9.56</speed><course>8.0</course></trkpt>
<trkpt lat="50.5880414" lon="-2.4502557"><time>2026-09-20T13:24:44.000Z</time><speed>9.76</speed><course>7.6</course></trkpt>
<trkpt lat="50.5881360" lon="-2.4502332"><time>2026-09-20T13:24:45.000Z</time><speed>9.87</speed><course>7.3</course></trkpt>
<trkpt lat="50.5882275" lon="-2.4502147"><time>2026-09-20T13:24:46.000Z</time><speed>9.92</speed><course>6.8</course></trkpt>
<trkpt lat="50.5883126" lon="-2.4501997"><time>2026-09-20T13:24:47.000Z</time><speed>10.00</speed><course>7.3</course></trkpt>
<trkpt lat="50.5884032" lon="-2.4501895"><time>2026-09-20T13:24:48.000Z</time><speed>9.95</speed><course>8.3</course></trkpt>
<trkpt lat="50.5884906" lon="-2.4501605"><time>2026-09-20T13:24:49.000Z</time><speed>9.97</speed><course>8.7</course></trkpt>
<trkpt lat="50.5885786" lon="-2.4501439"><time>2026-09-20T13:24:50.000Z</time><speed>9.95</speed><course>11.5</course></trkpt>
<trkpt lat="50.5886554" lon="-2.4500946"><time>2026-09-20T13:24:51.000Z</time><speed>9.29</speed><course>35.1</course></trkpt>
<trkpt lat="50.5887044" lon="-2.4500053"><time>2026-09-20T13:24:52.000Z</time><speed>7.66</speed><course>68.6</course></trkpt>
<trkpt lat="50.5887155" lon="-2.4498902"><time>2026-09-20T13:24:53.000Z</time><speed>7.96</speed><course>86.1</course></trkpt>
<trkpt lat="50.5887198" lon="-2.4497815"><time>2026-09-20T13:24:54.000Z</time><speed>8.49</speed><course>87.4</course></trkpt>
<trkpt lat="50.5887262" lon="-2.4496608"><time>2026-09-20T13:24:55.000Z</time><speed>8.84</speed><course>87.2</course></trkpt>
<trkpt lat="50.5887291" lon="-2.4495403"><time>2026-09-20T13:24:56.000Z</time><speed>9.07</speed><course>87.3</course></trkpt>
<trkpt lat="50.5887303" lon="-2.4494054"><time>2026-09-20T13:24:57.000Z</time><speed>9.13</speed><course>87.2</course></trkpt>
<trkpt lat="50.5887302" lon="-2.4492786"><time>2026-09-20T13:24:58.000Z</time><speed>9.22</speed><course>86.4</course></trkpt>
<trkpt lat="50.5887417" lon="-2.4491455"><time>2026-09-20T13:24:59.000Z</time><speed>9.22</speed><course>86.0</course></trkpt>
<trkpt lat="50.5887412" lon="-2.4490146"><time>2026-09-20T13:25:00.000Z</time><speed>9.22</speed><course>87.1</course></trkpt>
<trkpt lat="50.5887522" lon="-2.4488828"><time>2026-09-20T13:25:01.000Z</time><speed>9.24</speed><course>86.7</course></trkpt>
<trkpt lat="50.5887565" lon="-2.4487597"><time>2026-09-20T13:25:02.000Z</time><speed>9.18</speed><course>86.7</course></trkpt>
<trkpt lat="50.5887614" lon="-2.4486306"><time>2026-09-20T13:25:03.000Z</time><speed>9.13</speed><course>87.5</course></trkpt>
<trkpt lat="50.5887607" lon="-2.4484982"><time>2026-09-20T13:25:04.000Z</time><speed>9.01</speed><course>87.3</course></trkpt>
<trkpt lat="50.5887707" lon="-2.4483734"><time>2026-09-20T13:25:05.000Z</time><speed>9.04</speed><course>88.1</course></trkpt>
<trkpt lat="50.5887713" lon="-2.4482430"><time>2026-09-20T13:25:06.000Z</time><speed>9.08</speed><course>88.1</course></trkpt>
<trkpt lat="50.5887714" lon="-2.4481133"><time>2026-09-20T13:25:07.000Z</time><speed>9.12</speed><course>88.5</course></trkpt>
<trkpt lat="50.5887726" lon="-2.4479805"><time>2026-09-20T13:25:08.000Z</time><speed>9.07</speed><course>88.4</course></trkpt>
<trkpt lat="50.5887743" lon="-2.4478441"><time>2026-09-20T13:25:09.000Z</time><speed>9.08</speed><course>88.9</course></trkpt>
<trkpt lat="50.5887808" lon="-2.4477140"><time>2026-09-20T13:25:10.000Z</time><speed>9.30</speed><course>88.7</course></trkpt>
<trkpt lat="50.5887787" lon="-2.4475868"><time>2026-09-20T13:25:11.000Z</time><speed>9.37</speed><course>89.6</course></trkpt>
<trkpt lat="50.5887802" lon="-2.4474426"><time>2026-09-20T13:25:12.000Z</time><speed>9.41</speed><course>90.8</course></trkpt>
<trkpt lat="50.5887853" lon="-2.4473109"><time>2026-09-20T13:25:13.000Z</time><speed>9.51</speed><course>89.2</course></trkpt>
<trkpt lat="50.5887845" lon="-2.4471681"><time>2026-09-20T13:25:14.000Z</time><speed>9.49</speed><course>89.1</course></trkpt>
<trkpt lat="50.5887929" lon="-2.4470369"><time>2026-09-20T13:25:15.000Z</time><speed>9.59</speed><course>88.2</course></trkpt>
<trkpt lat="50.5887967" lon="-2.4469094"><time>2026-09-20T13:25:16.000Z</time><speed>9.53</speed><course>87.1</course></trkpt>
<trkpt lat="50.5888053" lon="-2.4467749"><time>2026-09-20T13:25:17.000Z</time><speed>9.44</speed><course>85.5</course></trkpt>
<trkpt lat="50.5888107" lon="-2.4466356"><time>2026-09-20T13:25:18.000Z</time><speed>9.32</speed><course>86.1</course></trkpt>
<trkpt lat="50.5888195" lon="-2.4465055"><time>2026-09-20T13:25:19.000Z</time><speed>9.26</speed><course>85.7</course></trkpt>
<trkpt lat="50.5888261" lon="-2.4463811"><time>2026-09-20T13:25:20.000Z</time><speed>9.14</speed><course>84.0</course></trkpt>
<trkpt lat="50.5888343" lon="-2.4462474"><time>2026-09-20T13:25:21.000Z</time><speed>9.15</speed><course>84.7</course></trkpt>
<trkpt lat="50.5888395" lon="-2.4461214"><time>2026-09-20T13:25:22.000Z</time><speed>8.99</speed><course>83.6</course></trkpt>
<trkpt lat="50.5888529" lon="-2.4459922"><time>2026-09-20T13:25:23.000Z</time><speed>9.09</speed><course>82.7</course></trkpt>
<trkpt lat="50.5888640" lon="-2.4458623"><time>2026-09-20T13:25:24.000Z</time><speed>8.86</speed><course>82.9</course></trkpt>
<trkpt lat="50.5888714" lon="-2.4457355"><time>2026-09-20T13:25:25.000Z</time><speed>8.89</speed><course>82.0</course></trkpt>
<trkpt lat="50.5888757" lon="-2.4456043"><time>2026-09-20T13:25:26.000Z</time><speed>8.78</speed><course>82.8</course></trkpt>
<trkpt lat="50.5888886" lon="-2.4454805"><time>2026-09-20T13:25:27.000Z</time><speed>8.79</speed><course>84.6</course></trkpt>
<trkpt lat="50.5888957" lon="-2.4453583"><time>2026-09-20T13:25:28.000Z</time><speed>8.63</speed><course>84.8</course></trkpt>
<trkpt lat="50.5889130" lon="-2.4452253"><time>2026-09-20T13:25:29.000Z</time><speed>8.82</speed><course>84.2</course></trkpt>
<trkpt lat="50.5889119" lon="-2.4451063"><time>2026-09-20T13:25:30.000Z</time><speed>8.94</speed><course>84.1</course></trkpt>
<trkpt lat="50.5889258" lon="-2.4449758"><time>2026-09-20T13:25:31.000Z</time><speed>9.14</speed><course>83.5</course></trkpt>
<trkpt lat="50.5889347" lon="-2.4448528"><time>2026-09-20T13:25:32.000Z</time><speed>9.08</speed><course>83.3</course></trkpt>
<trkpt lat="50.5889454" lon="-2.4447162"><time>2026-09-20T13:25:33.000Z</time><speed>9.09</speed><course>83.2</course></trkpt>
<trkpt lat="50.5889487" lon="-2.4445853"><time>2026-09-20T13:25:34.000Z</time><speed>9.28</speed><course>91.1</course></trkpt>
<trkpt lat="50.5889260" lon="-2.4444601"><time>2026-09-20T13:25:35.000Z</time><speed>9.79</speed><course>116.5</course></trkpt>
<trkpt lat="50.5888635" lon="-2.4443546"><time>2026-09-20T13:25:36.000Z</time><speed>10.01</speed><course>146.7</course></trkpt>
<trkpt lat="50.5887824" lon="-2.4443129"><time>2026-09-20T13:25:37.000Z</time><speed>9.84</speed><course>171.9</course></trkpt>
<trkpt lat="50.5886945" lon="-2.4442981"><time>2026-09-20T13:25:38.000Z</time><speed>9.32</speed><course>170.1</course></trkpt>
<trkpt lat="50.5886103" lon="-2.4442767"><time>2026-09-20T13:25:39.000Z</time><speed>9.17</speed><course>171.8</course></trkpt>
<trkpt lat="50.5885361" lon="-2.4442598"><time>2026-09-20T13:25:40.000Z</time><speed>8.93</speed><course>173.9</course></trkpt>
<trkpt lat="50.5884525" lon="-2.4442431"><time>2026-09-20T13:25:41.000Z</time><speed>8.70</speed><course>174.3</course></trkpt>
<trkpt lat="50.5883779" lon="-2.4442293"><time>2026-09-20T13:25:42.000Z</time><speed>8.42</speed><course>176.0</course></trkpt>
<trkpt lat="50.5882997" lon="-2.4442263"><time>2026-09-20T13:25:43.000Z</time><speed>8.25</speed><course>177.9</course></trkpt>
<trkpt lat="50.5882324" lon="-2.4442225"><time>2026-09-20T13:25:44.000Z</time><speed>8.14</speed><course>177.9</course></trkpt>
<trkpt lat="50.5881585" lon="-2.4442094"><time>2026-09-20T13:25:45.000Z</time><speed>7.87</speed><course>177.5</course></trkpt>
<trkpt lat="50.5880849" lon="-2.4442128"><time>2026-09-20T13:25:46.000Z</time><speed>7.94</speed><course>177.4</course></trkpt>
<trkpt lat="50.5880091" lon="-2.4442061"><time>2026-09-20T13:25:47.000Z</time><speed>7.89</speed><course>176.9</course></trkpt>
<trkpt lat="50.5879392" lon="-2.4442049"><time>2026-09-20T13:25:48.000Z</time><speed>7.96</speed><course>177.3</course></trkpt>
<trkpt lat="50.5878659" lon="-2.4441951"><time>2026-09-20T13:25:49.000Z</time><speed>7.89</speed><course>176.3</course></trkpt>
<trkpt lat="50.5877919" lon="-2.4441845"><time>2026-09-20T13:25:50.000Z</time><speed>7.98</speed><course>176.0</course></trkpt>
<trkpt lat="50.5877242" lon="-2.4441826"><time>2026-09-20T13:25:51.000Z</time><speed>8.10</speed><course>175.9</course></trkpt>
<trkpt lat="50.5876567" lon="-2.4441726"><time>2026-09-20T13:25:52.000Z</time><speed>8.04</speed><course>176.1</course></trkpt>
<trkpt lat="50.5875875" lon="-2.4441637"><time>2026-09-20T13:25:53.000Z</time><speed>8.05</speed><course>177.2</course></trkpt>
<trkpt lat="50.5875095" lon="-2.4441642"><time>2026-09-20T13:25:54.000Z</time><speed>8.00</speed><course>178.7</course></trkpt>
<trkpt lat="50.5874372" lon="-2.4441653"><time>2026-09-20T13:25:55.000Z</time><speed>7.96</speed><course>179.0</course></trkpt>
<trkpt lat="50.5873628" lon="-2.4441616"><time>2026-09-20T13:25:56.000Z</time><speed>7.89</speed><course>180.0</course></trkpt>
<trkpt lat="50.5872927" lon="-2.4441624"><time>2026-09-20T13:25:57.000Z</time><speed>7.79</speed><course>180.0</course></trkpt>
<trkpt lat="50.5872253" lon="-2.4441569"><time>2026-09-20T13:25:58.000Z</time><speed>7.84</speed><course>180.9</course></trkpt>
<trkpt lat="50.5871558" lon="-2.4441671"><time>2026-09-20T13:25:59.000Z</time><speed>7.64</speed><course>180.3</course></trkpt>
<trkpt lat="50.5870850" lon="-2.4441653"><time>2026-09-20T13:26:00.000Z</time><speed>7.46</speed><course>180.2</course></trkpt>
<trkpt lat="50.5870207" lon="-2.4441673"><time>2026-09-20T13:26:01.000Z</time><speed>7.42</speed><course>178.7</course></trkpt>
<trkpt lat="50.5869527" lon="-2.4441640"><time>2026-09-20T13:26:02.000Z</time><speed>7.36</speed><course>178.1</course></trkpt>
<trkpt lat="50.5868861" lon="-2.4441613"><time>2026-09-20T13:26:03.000Z</time><speed>7.54</speed><course>178.3</course></trkpt>
<trkpt lat="50.5868169" lon="-2.4441670"><time>2026-09-20T13:26:04.000Z</time><speed>7.53</speed><course>177.9</course></trkpt>
<trkpt lat="50.5867455" lon="-2.4441621"><time>2026-09-20T13:26:05.000Z</time><speed>7.64</speed><course>178.4</course></trkpt>
<trkpt lat="50.5866764" lon="-2.4441678"><time>2026-09-20T13:26:06.000Z</time><speed>7.72</speed><course>179.8</course></trkpt>
<trkpt lat="50.5866059" lon="-2.4441623"><time>2026-09-20T13:26:07.000Z</time><speed>7.71</speed><course>179.7</course></trkpt>
<trkpt lat="50.5865343" lon="-2.4441615"><time>2026-09-20T13:26:08.000Z</time><speed>7.77</speed><course>179.1</course></trkpt>
<trkpt lat="50.5864629" lon="-2.4441538"><time>2026-09-20T13:26:09.000Z</time><speed>7.72</speed><course>179.3</course></trkpt>
<trkpt lat="50.5863957" lon="-2.4441503"><time>2026-09-20T13:26:10.000Z</time><speed>7.90</speed><course>178.5</course></trkpt>
<trkpt lat="50.5863211" lon="-2.4441452"><time>2026-09-20T13:26:11.000Z</time><speed>7.92</speed><course>179.4</course></trkpt>
<trkpt lat="50.5862525" lon="-2.4441496"><time>2026-09-20T13:26:12.000Z</time><speed>7.93</speed><course>179.5</course></trkpt>
<trkpt lat="50.5861767" lon="-2.4441449"><time>2026-09-20T13:26:13.000Z</time><speed>7.82</speed><course>179.9</course></trkpt>
<trkpt lat="50.5861073" lon="-2.4441426"><time>2026-09-20T13:26:14.000Z</time><speed>7.88</speed><course>179.4</course></trkpt>
<trkpt lat="50.5860375" lon="-2.4441439"><time>2026-09-20T13:26:15.000Z</time><speed>7.89</speed><course>179.1</course></trkpt>
<trkpt lat="50.5859610" lon="-2.4441441"><time>2026-09-20T13:26:16.000Z</time><speed>7.99</speed><course>178.4</course></trkpt>
<trkpt lat="50.5858963" lon="-2.4441355"><time>2026-09-20T13:26:17.000Z</time><speed>7.97</speed><course>178.5</course></trkpt>
<trkpt lat="50.5858273" lon="-2.4441369"><time>2026-09-20T13:26:18.000Z</time><speed>7.91</speed><course>179.3</course></trkpt>
<trkpt lat="50.5857568" lon="-2.4441334"><time>2026-09-20T13:26:19.000Z</time><speed>7.88</speed><course>180.4</course></trkpt>
<trkpt lat="50.5856888" lon="-2.4441444"><time>2026-09-20T13:26:20.000Z</time><speed>7.46</speed><course>194.4</course></trkpt>
<trkpt lat="50.5856341" lon="-2.4441956"><time>2026-09-20T13:26:21.000Z</time><speed>6.02</speed><course>224.6</course></trkpt>
<trkpt lat="50.5856090" lon="-2.4442447"><time>2026-09-20T13:26:22.000Z</time><speed>4.75</speed><course>256.7</course></trkpt>
<trkpt lat="50.5856070" lon="-2.4443248"><time>2026-09-20T13:26:23.000Z</time><speed>5.26</speed><course>275.0</course></trkpt>
<trkpt lat="50.5856156" lon="-2.4444030"><time>2026-09-20T13:26:24.000Z</time><speed>6.12</speed><course>280.1</course></trkpt>
<trkpt lat="50.5856308" lon="-2.4444980"><time>2026-09-20T13:26:25.000Z</time><speed>6.70</speed><course>280.1</course></trkpt>
<trkpt lat="50.5856389" lon="-2.4445829"><time>2026-09-20T13:26:26.000Z</time><speed>7.11</speed><course>276.9</course></trkpt>
<trkpt lat="50.5856468" lon="-2.4446858"><time>2026-09-20T13:26:27.000Z</time><speed>7.24</speed><course>274.9</course></trkpt>
<trkpt lat="50.5856519" lon="-2.4447999"><time>2026-09-20T13:26:28.000Z</time><speed>7.22</speed><course>274.0</course></trkpt>
<trkpt lat="50.5856559" lon="-2.4448990"><time>2026-09-20T13:26:29.000Z</time><speed>7.07</speed><course>272.2</course></trkpt>
<trkpt lat="50.5856524" lon="-2.4449862"><time>2026-09-20T13:26:30.000Z</time><speed>7.02</speed><course>272.9</course></trkpt>
<trkpt lat="50.5856552" lon="-2.4450900"><time>2026-09-20T13:26:31.000Z</time><speed>6.96</speed><course>274.7</course></trkpt>
<trkpt lat="50.5856580" lon="-2.4451872"><time>2026-09-20T13:26:32.000Z</time><speed>7.16</speed><course>275.8</course></trkpt>
<trkpt lat="50.5856655" lon="-2.4452903"><time>2026-09-20T13:26:33.000Z</time><speed>7.18</speed><course>275.8</course></trkpt>
<trkpt lat="50.5856731" lon="-2.4454015"><time>2026-09-20T13:26:34.000Z</time><speed>7.28</speed><course>275.9</course></trkpt>
<trkpt lat="50.5856803" lon="-2.4454928"><time>2026-09-20T13:26:35.000Z</time><speed>7.25</speed><course>275.5</course></trkpt>
<trkpt lat="50.5856819" lon="-2.4455985"><time>2026-09-20T13:26:36.000Z</time><speed>7.25</speed><course>275.8</course></trkpt>
<trkpt lat="50.5856931" lon="-2.4457086"><time>2026-09-20T13:26:37.000Z</time><speed>7.39</speed><course>277.4</course></trkpt>
<trkpt lat="50.5857070" lon="-2.4458130"><time>2026-09-20T13:26:38.000Z</time><speed>7.43</speed><course>276.6</course></trkpt>
<trkpt lat="50.5857141" lon="-2.4459264"><time>2026-09-20T13:26:39.000Z</time><speed>7.57</speed><course>277.0</course></trkpt>
<trkpt lat="50.5857217" lon="-2.4460274"><time>2026-09-20T13:26:40.000Z</time><speed>7.64</speed><course>277.0</course></trkpt>
<trkpt lat="50.5857235" lon="-2.4461412"><time>2026-09-20T13:26:41.000Z</time><speed>7.66</speed><course>276.2</course></trkpt>
<trkpt lat="50.5857350" lon="-2.4462506"><time>2026-09-20T13:26:42.000Z</time><speed>7.57</speed><course>276.1</course></trkpt>
<trkpt lat="50.5857433" lon="-2.4463554"><time>2026-09-20T13:26:43.000Z</time><speed>7.54</speed><course>275.8</course></trkpt>
<trkpt lat="50.5857481" lon="-2.4464603"><time>2026-09-20T13:26:44.000Z</time><speed>7.54</speed><course>274.5</course></trkpt>
<trkpt lat="50.5857479" lon="-2.4465673"><time>2026-09-20T13:26:45.000Z</time><speed>7.35</speed><course>274.2</course></trkpt>
<trkpt lat="50.5857537" lon="-2.4466608"><time>2026-09-20T13:26:46.000Z</time><speed>7.46</speed><course>273.6</course></trkpt>
<trkpt lat="50.5857839" lon="-2.4474137"><time>2026-09-20T13:26:53.000Z</time><speed>7.46</speed><course>274.0</course></trkpt>
<trkpt lat="50.5857905" lon="-2.4475074"><time>2026-09-20T13:26:54.000Z</time><speed>7.39</speed><course>274.0</course></trkpt>
<trkpt lat="50.5857933" lon="-2.4476214"><time>2026-09-20T13:26:55.000Z</time><speed>7.34</speed><course>273.6</course></trkpt>
<trkpt lat="50.5858022" lon="-2.4477188"><time>2026-09-20T13:26:56.000Z</time><speed>7.40</speed><course>275.3</course></trkpt>
<trkpt lat="50.5858108" lon="-2.4478268"><time>2026-09-20T13:26:57.000Z</time><speed>7.55</speed><course>276.0</course></trkpt>
<trkpt lat="50.5858175" lon="-2.4479299"><time>2026-09-20T13:26:58.000Z</time><speed>7.51</speed><course>275.9</course></trkpt>
<trkpt lat="50.5858269" lon="-2.4480411"><time>2026-09-20T13:26:59.000Z</time><speed>7.62</speed><course>276.0</course></trkpt>
<trkpt lat="50.5858322" lon="-2.4481456"><time>2026-09-20T13:27:00.000Z</time><speed>7.58</speed><course>275.1</course></trkpt>
<trkpt lat="50.5858396" lon="-2.4482482"><time>2026-09-20T13:27:01.000Z</time><speed>7.60</speed><course>276.1</course></trkpt>
<trkpt lat="50.5858430" lon="-2.4483508"><time>2026-09-20T13:27:02.000Z</time><speed>7.59</speed><course>275.4</course></trkpt>
<trkpt lat="50.5858506" lon="-2.4484554"><time>2026-09-20T13:27:03.000Z</time><speed>7.60</speed><course>276.9</course></trkpt>
<trkpt lat="50.5858643" lon="-2.4485700"><time>2026-09-20T13:27:04.000Z</time><speed>7.63</speed><course>276.9</course></trkpt>
<trkpt lat="50.5858723" lon="-2.4486693"><time>2026-09-20T13:27:05.000Z</time><speed>7.74</speed><course>277.3</course></trkpt>
<trkpt lat="50.5858816" lon="-2.4487819"><time>2026-09-20T13:27:06.000Z</time><speed>7.79</speed><course>277.7</course></trkpt>
<trkpt lat="50.5858893" lon="-2.4488926"><time>2026-09-20T13:27:07.000Z</time><speed>7.66</speed><course>277.1</course></trkpt>
<trkpt lat="50.5858992" lon="-2.4489961"><time>2026-09-20T13:27:08.000Z</time><speed>7.72</speed><course>275.6</course></trkpt>
<trkpt lat="50.5859051" lon="-2.4491001"><time>2026-09-20T13:27:09.000Z</time><speed>7.65</speed><course>275.9</course></trkpt>
<trkpt lat="50.5859151" lon="-2.4492198"><time>2026-09-20T13:27:10.000Z</time><speed>7.67</speed><course>277.7</course></trkpt>
<trkpt lat="50.5859227" lon="-2.4493190"><time>2026-09-20T13:27:11.000Z</time><speed>7.68</speed><course>277.0</course></trkpt>
<trkpt lat="50.5859348" lon="-2.4494334"><time>2026-09-20T13:27:12.000Z</time><speed>7.75</speed><course>277.3</course></trkpt>
<trkpt lat="50.5859403" lon="-2.4495499"><time>2026-09-20T13:27:13.000Z</time><speed>7.64</speed><course>277.1</course></trkpt>
<trkpt lat="50.5859497" lon="-2.4496493"><time>2026-09-20T13:27:14.000Z</time><speed>7.65</speed><course>277.2</course></trkpt>
<trkpt lat="50.5859598" lon="-2.4497490"><time>2026-09-20T13:27:15.000Z</time><speed>7.69</speed><course>277.3</course></trkpt>
<trkpt lat="50.5859686" lon="-2.4498636"><time>2026-09-20T13:27:16.000Z</time><speed>7.62</speed><course>277.8</course></trkpt>
<trkpt lat="50.5859817" lon="-2.4499583"><time>2026-09-20T13:27:17.000Z</time><speed>7.66</speed><course>278.2</course></trkpt>
<trkpt lat="50.5859950" lon="-2.4500794"><time>2026-09-20T13:27:18.000Z</time><speed>7.68</speed><course>278.8</course></trkpt>
<trkpt lat="50.5860081" lon="-2.4501856"><time>2026-09-20T13:27:19.000Z</time><speed>7.79</speed><course>279.3</course></trkpt>
<trkpt lat="50.5860214" lon="-2.4502988"><time>2026-09-20T13:27:20.000Z</time><speed>7.81</speed><course>279.0</course></trkpt>
<trkpt lat="50.5860239" lon="-2.4504052"><time>2026-09-20T13:27:21.000Z</time><speed>7.95</speed><course>279.6</course></trkpt>
<trkpt lat="50.5860373" lon="-2.4505141"><time>2026-09-20T13:27:22.000Z</time><speed>7.88</speed><course>278.9</course></trkpt>
<trkpt lat="50.5860537" lon="-2.4506280"><time>2026-09-20T13:27:23.000Z</time><speed>7.87</speed><course>278.2</course></trkpt>
<trkpt lat="50.5860642" lon="-2.4507368"><time>2026-09-20T13:27:24.000Z</time><speed>7.81</speed><course>278.2</course></trkpt>
<trkpt lat="50.5860677" lon="-2.4508516"><time>2026-09-20T13:27:25.000Z</time><speed>7.79</speed><course>278.1</course></trkpt>
<trkpt lat="50.5860820" lon="-2.4509566"><time>2026-09-20T13:27:26.000Z</time><speed>7.86</speed><course>278.0</course></trkpt>
<trkpt lat="50.5860935" lon="-2.4510584"><time>2026-09-20T13:27:27.000Z</time><speed>7.80</speed><course>278.8</course></trkpt>
<trkpt lat="50.5861071" lon="-2.4511653"><time>2026-09-20T13:27:28.000Z</time><speed>7.87</speed><course>279.8</course></trkpt>
<trkpt lat="50.5861219" lon="-2.4512802"><time>2026-09-20T13:27:29.000Z</time><speed>7.80</speed><course>281.2</course></trkpt>
<trkpt lat="50.5861298" lon="-2.4513925"><time>2026-09-20T13:27:30.000Z</time><speed>7.92</speed><course>280.6</course></trkpt>
<trkpt lat="50.5861488" lon="-2.4515053"><time>2026-09-20T13:27:31.000Z</time><speed>7.92</speed><course>279.5</course></trkpt>
<trkpt lat="50.5861620" lon="-2.4516125"><time>2026-09-20T13:27:32.000Z</time><speed>7.92</speed><course>278.7</course></trkpt>
<trkpt lat="50.5861652" lon="-2.4517259"><time>2026-09-20T13:27:33.000Z</time><speed>7.79</speed><course>277.9</course></trkpt>
<trkpt lat="50.5861789" lon="-2.4518316"><time>2026-09-20T13:27:34.000Z</time><speed>7.72</speed><course>278.3</course></trkpt>
<trkpt lat="50.5861865" lon="-2.4519334"><time>2026-09-20T13:27:35.000Z</time><speed>7.65</speed><course>277.7</course></trkpt>
<trkpt lat="50.5861899" lon="-2.4520434"><time>2026-09-20T13:27:36.000Z</time><speed>7.49</speed><course>276.2</course></trkpt>
<trkpt lat="50.5862010" lon="-2.4521538"><time>2026-09-20T13:27:37.000Z</time><speed>7.30</speed><course>277.8</course></trkpt>
<trkpt lat="50.5862129" lon="-2.4522513"><time>2026-09-20T13:27:38.000Z</time><speed>7.43</speed><course>278.2</course></trkpt>
<trkpt lat="50.5862256" lon="-2.4523487"><time>2026-09-20T13:27:39.000Z</time><speed>7.34</speed><course>277.8</course></trkpt>
<trkpt lat="50.5862342" lon="-2.4524582"><time>2026-09-20T13:27:40.000Z</time><speed>7.32</speed><course>278.9</course></trkpt>
<trkpt lat="50.5862476" lon="-2.4525525"><time>2026-09-20T13:27:41.000Z</time><speed>7.40</speed><course>279.3</course></trkpt>
<trkpt lat="50.5862476" lon="-2.4526568"><time>2026-09-20T13:27:42.000Z</time><speed>6.91</speed><course>258.0</course></trkpt>
<trkpt lat="50.5862182" lon="-2.4527285"><time>2026-09-20T13:27:43.000Z</time><speed>5.51</speed><course>216.6</course></trkpt>
<trkpt lat="50.5861807" lon="-2.4527565"><time>2026-09-20T13:27:44.000Z</time><speed>4.99</speed><course>184.5</course></trkpt>
<trkpt lat="50.5861313" lon="-2.4527436"><time>2026-09-20T13:27:45.000Z</time><speed>5.87</speed><course>177.8</course></trkpt>
<trkpt lat="50.5860756" lon="-2.4527492"><time>2026-09-20T13:27:46.000Z</time><speed>6.45</speed><course>180.4</course></trkpt>
<trkpt lat="50.5860121" lon="-2.4527580"><time>2026-09-20T13:27:47.000Z</time><speed>6.70</speed><course>182.0</course></trkpt>
<trkpt lat="50.5859459" lon="-2.4527572"><time>2026-09-20T13:27:48.000Z</time><speed>7.02</speed><course>181.2</course></trkpt>
<trkpt lat="50.5858878" lon="-2.4527642"><time>2026-09-20T13:27:49.000Z</time><speed>7.17</speed><course>181.1</course></trkpt>
<trkpt lat="50.5858199" lon="-2.4527566"><time>2026-09-20T13:27:50.000Z</time><speed>7.29</speed><course>182.4</course></trkpt>
<trkpt lat="50.5857489" lon="-2.4527716"><time>2026-09-20T13:27:51.000Z</time><speed>7.46</speed><course>181.3</course></trkpt>
<trkpt lat="50.5856881" lon="-2.4527729"><time>2026-09-20T13:27:52.000Z</time><speed>7.37</speed><course>182.5</course></trkpt>
<trkpt lat="50.5856167" lon="-2.4527729"><time>2026-09-20T13:27:53.000Z</time><speed>7.51</speed><course>182.3</course></trkpt>
<trkpt lat="50.5855507" lon="-2.4527871"><time>2026-09-20T13:27:54.000Z</time><speed>7.59</speed><course>182.4</course></trkpt>
<trkpt lat="50.5854823" lon="-2.4527856"><time>2026-09-20T13:27:55.000Z</time><speed>7.49</speed><course>182.4</course></trkpt>
<trkpt lat="50.5854160" lon="-2.4527919"><time>2026-09-20T13:27:56.000Z</time><speed>7.50</speed><course>181.9</course></trkpt>
<trkpt lat="50.5853522" lon="-2.4527856"><time>2026-09-20T13:27:57.000Z</time><speed>7.46</speed><course>181.5</course></trkpt>
<trkpt lat="50.5852866" lon="-2.4527887"><time>2026-09-20T13:27:58.000Z</time><speed>7.45</speed><course>181.1</course></trkpt>
<trkpt lat="50.5852128" lon="-2.4527919"><time>2026-09-20T13:27:59.000Z</time><speed>7.49</speed><course>181.0</course></trkpt>
<trkpt lat="50.5851458" lon="-2.4528066"><time>2026-09-20T13:28:00.000Z</time><speed>7.57</speed><course>182.2</course></trkpt>
<trkpt lat="50.5850841" lon="-2.4528017"><time>2026-09-20T13:28:01.000Z</time><speed>7.48</speed><course>182.4</course></trkpt>
<trkpt lat="50.5850200" lon="-2.4528037"><time>2026-09-20T13:28:02.000Z</time><speed>7.51</speed><course>183.6</course></trkpt>
<trkpt lat="50.5849591" lon="-2.4528018"><time>2026-09-20T13:28:03.000Z</time><speed>7.56</speed><course>184.8</course></trkpt>
<trkpt lat="50.5848902" lon="-2.4528188"><time>2026-09-20T13:28:04.000Z</time><speed>7.47</speed><course>185.3</course></trkpt>
<trkpt lat="50.5848305" lon="-2.4528311"><time>2026-09-20T13:28:05.000Z</time><speed>7.29</speed><course>187.4</course></trkpt>
<trkpt lat="50.5847583" lon="-2.4528405"><time>2026-09-20T13:28:06.000Z</time><speed>7.19</speed><course>188.3</course></trkpt>
<trkpt lat="50.5846973" lon="-2.4528555"><time>2026-09-20T13:28:07.000Z</time><speed>7.03</speed><course>188.6</course></trkpt>
<trkpt lat="50.5846324" lon="-2.4528789"><time>2026-09-20T13:28:08.000Z</time><speed>6.82</speed><course>188.2</course></trkpt>
<trkpt lat="50.5845699" lon="-2.4528899"><time>2026-09-20T13:28:09.000Z</time><speed>6.81</speed><course>188.8</course></trkpt>
<trkpt lat="50.5845091" lon="-2.4529062"><time>2026-09-20T13:28:10.000Z</time><speed>6.78</speed><course>187.5</course></trkpt>
<trkpt lat="50.5844496" lon="-2.4529227"><time>2026-09-20T13:28:11.000Z</time><speed>6.80</speed><course>187.4</course></trkpt>
<trkpt lat="50.5843874" lon="-2.4529297"><time>2026-09-20T13:28:12.000Z</time><speed>6.84</speed><course>187.9</course></trkpt>
<trkpt lat="50.5843219" lon="-2.4529533"><time>2026-09-20T13:28:13.000Z</time><speed>6.88</speed><course>188.1</course></trkpt>
<trkpt lat="50.5842695" lon="-2.4529613"><time>2026-09-20T13:28:14.000Z</time><speed>6.80</speed><course>188.5</course></trkpt>
<trkpt lat="50.5842047" lon="-2.4529819"><time>2026-09-20T13:28:15.000Z</time><speed>6.73</speed><course>188.2</course></trkpt>
<trkpt lat="50.5841494" lon="-2.4529892"><time>2026-09-20T13:28:16.000Z</time><speed>6.73</speed><course>188.5</course></trkpt>
<trkpt lat="50.5840882" lon="-2.4530061"><time>2026-09-20T13:28:17.000Z</time><speed>6.81</speed><course>185.7</course></trkpt>
<trkpt lat="50.5840280" lon="-2.4530018"><time>2026-09-20T13:28:18.000Z</time><speed>7.01</speed><course>170.0</course></trkpt>
<trkpt lat="50.5839641" lon="-2.4529524"><time>2026-09-20T13:28:19.000Z</time><speed>7.74</speed><course>139.3</course></trkpt>
<trkpt lat="50.5839309" lon="-2.4528515"><time>2026-09-20T13:28:20.000Z</time><speed>8.63</speed><course>108.2</course></trkpt>
<trkpt lat="50.5839130" lon="-2.4527337"><time>2026-09-20T13:28:21.000Z</time><speed>8.89</speed><course>91.5</course></trkpt>
<trkpt lat="50.5839086" lon="-2.4526018"><time>2026-09-20T13:28:22.000Z</time><speed>8.96</speed><course>94.4</course></trkpt>
<trkpt lat="50.5839059" lon="-2.4524780"><time>2026-09-20T13:28:23.000Z</time><speed>9.12</speed><course>93.0</course></trkpt>
<trkpt lat="50.5839045" lon="-2.4523481"><time>2026-09-20T13:28:24.000Z</time><speed>9.07</speed><course>92.4</course></trkpt>
<trkpt lat="50.5839025" lon="-2.4522190"><time>2026-09-20T13:28:25.000Z</time><speed>8.93</speed><course>92.0</course></trkpt>
<trkpt lat="50.5838988" lon="-2.4520943"><time>2026-09-20T13:28:26.000Z</time><speed>8.99</speed><course>91.5</course></trkpt>
<trkpt lat="50.5838957" lon="-2.4519696"><time>2026-09-20T13:28:27.000Z</time><speed>8.96</speed><course>91.5</course></trkpt>
<trkpt lat="50.5838925" lon="-2.4518520"><time>2026-09-20T13:28:28.000Z</time><speed>8.89</speed><course>90.2</course></trkpt>
<trkpt lat="50.5838929" lon="-2.4517183"><time>2026-09-20T13:28:29.000Z</time><speed>8.71</speed><course>88.2</course></trkpt>
<trkpt lat="50.5838937" lon="-2.4515971"><time>2026-09-20T13:28:30.000Z</time><speed>8.60</speed><course>88.1</course></trkpt>
<trkpt lat="50.5839020" lon="-2.4514730"><time>2026-09-20T13:28:31.000Z</time><speed>8.40</speed><course>87.9</course></trkpt>
<trkpt lat="50.5839001" lon="-2.4513571"><time>2026-09-20T13:28:32.000Z</time><speed>8.33</speed><course>87.0</course></trkpt>
<trkpt lat="50.5839000" lon="-2.4512341"><time>2026-09-20T13:28:33.000Z</time><speed>8.34</speed><course>88.5</course></trkpt>
<trkpt lat="50.5839079" lon="-2.4511128"><time>2026-09-20T13:28:34.000Z</time><speed>8.30</speed><course>88.3</course></trkpt>
<trkpt lat="50.5839083" lon="-2.4509944"><time>2026-09-20T13:28:35.000Z</time><speed>8.16</speed><course>87.3</course></trkpt>
<trkpt lat="50.5839116" lon="-2.4508747"><time>2026-09-20T13:28:36.000Z</time><speed>8.04</speed><course>87.4</course></trkpt>
<trkpt lat="50.5839119" lon="-2.4507620"><time>2026-09-20T13:28:37.000Z</time><speed>7.97</speed><course>86.4</course></trkpt>
<trkpt lat="50.5839167" lon="-2.4506456"><time>2026-09-20T13:28:38.000Z</time><speed>8.10</speed><course>87.3</course></trkpt>
<trkpt lat="50.5839138" lon="-2.4505412"><time>2026-09-20T13:28:39.000Z</time><speed>8.11</speed><course>87.2</course></trkpt>
<trkpt lat="50.5839218" lon="-2.4504283"><time>2026-09-20T13:28:40.000Z</time><speed>8.22</speed><course>85.5</course></trkpt>
<trkpt lat="50.5839299" lon="-2.4503138"><time>2026-09-20T13:28:41.000Z</time><speed>8.24</speed><course>85.3</course></trkpt>
<trkpt lat="50.5839370" lon="-2.4501902"><time>2026-09-20T13:28:42.000Z</time><speed>8.30</speed><course>88.1</course></trkpt>
<trkpt lat="50.5839324" lon="-2.4500778"><time>2026-09-20T13:28:43.000Z</time><speed>8.41</speed><course>88.2</course></trkpt>
<trkpt lat="50.5839363" lon="-2.4499518"><time>2026-09-20T13:28:44.000Z</time><speed>8.67</speed><course>88.2</course></trkpt>
<trkpt lat="50.5839361" lon="-2.4498323"><time>2026-09-20T13:28:45.000Z</time><speed>8.60</speed><course>89.3</course></trkpt>
<trkpt lat="50.5839402" lon="-2.4497147"><time>2026-09-20T13:28:46.000Z</time><speed>8.65</speed><course>90.3</course></trkpt>
<trkpt lat="50.5839368" lon="-2.4495835"><time>2026-09-20T13:28:47.000Z</time><speed>8.68</speed><course>89.3</course></trkpt>
<trkpt lat="50.5839359" lon="-2.4494625"><time>2026-09-20T13:28:48.000Z</time><speed>8.76</speed><course>89.6</course></trkpt>
<trkpt lat="50.5839431" lon="-2.4493339"><time>2026-09-20T13:28:49.000Z</time><speed>8.69</speed><course>89.7</course></trkpt>
<trkpt lat="50.5839378" lon="-2.4492126"><time>2026-09-20T13:28:50.000Z</time><speed>8.84</speed><course>90.3</course></trkpt>
<trkpt lat="50.5839449" lon="-2.4490934"><time>2026-09-20T13:28:51.000Z</time><speed>8.81</speed><course>90.2</course></trkpt>
<trkpt lat="50.5839384" lon="-2.4489580"><time>2026-09-20T13:28:52.000Z</time><speed>9.00</speed><course>90.1</course></trkpt>
<trkpt lat="50.5839444" lon="-2.4488372"><time>2026-09-20T13:28:53.000Z</time><speed>9.17</speed><course>91.6</course></trkpt>
<trkpt lat="50.5839451" lon="-2.4487097"><time>2026-09-20T13:28:54.000Z</time><speed>9.11</speed><course>91.1</course></trkpt>
<trkpt lat="50.5839450" lon="-2.4485736"><time>2026-09-20T13:28:55.000Z</time><speed>9.15</speed><course>91.0</course></trkpt>
<trkpt lat="50.5839452" lon="-2.4484522"><time>2026-09-20T13:28:56.000Z</time><speed>9.12</speed><course>91.0</course></trkpt>
<trkpt lat="50.5839390" lon="-2.4483236"><time>2026-09-20T13:28:57.000Z</time><speed>9.12</speed><course>91.1</course></trkpt>
<trkpt lat="50.5839361" lon="-2.4481834"><time>2026-09-20T13:28:58.000Z</time><speed>9.01</speed><course>91.0</course></trkpt>
<trkpt lat="50.5839319" lon="-2.4480632"><time>2026-09-20T13:28:59.000Z</time><speed>8.98</speed><course>90.5</course></trkpt>
<trkpt lat="50.5839365" lon="-2.4479359"><time>2026-09-20T13:29:00.000Z</time><speed>8.90</speed><course>91.5</course></trkpt>
<trkpt lat="50.5839296" lon="-2.4477999"><time>2026-09-20T13:29:01.000Z</time><speed>8.98</speed><course>92.2</course></trkpt>
<trkpt lat="50.5839273" lon="-2.4476727"><time>2026-09-20T13:29:02.000Z</time><speed>8.96</speed><course>92.6</course></trkpt>
<trkpt lat="50.5839245" lon="-2.4475476"><time>2026-09-20T13:29:03.000Z</time><speed>9.05</speed><course>92.1</course></trkpt>
<trkpt lat="50.5839231" lon="-2.4474229"><time>2026-09-20T13:29:04.000Z</time><speed>9.05</speed><course>91.2</course></trkpt>
<trkpt lat="50.5839191" lon="-2.4472954"><time>2026-09-20T13:29:05.000Z</time><speed>8.98</speed><course>90.9</course></trkpt>
<trkpt lat="50.5839179" lon="-2.4471603"><time>2026-09-20T13:29:06.000Z</time><speed>9.00</speed><course>89.0</course></trkpt>
<trkpt lat="50.5839240" lon="-2.4470438"><time>2026-09-20T13:29:07.000Z</time><speed>8.82</speed><course>77.6</course></trkpt>
<trkpt lat="50.5839571" lon="-2.4469320"><time>2026-09-20T13:29:08.000Z</time><speed>7.37</speed><course>41.3</course></trkpt>
<trkpt lat="50.5840143" lon="-2.4468816"><time>2026-09-20T13:29:09.000Z</time><speed>7.43</speed><course>16.5</course></trkpt>
<trkpt lat="50.5840856" lon="-2.4468562"><time>2026-09-20T13:29:10.000Z</time><speed>7.90</speed><course>13.3</course></trkpt>
<trkpt lat="50.5841615" lon="-2.4468331"><time>2026-09-20T13:29:11.000Z</time><speed>8.37</speed><course>14.6</course></trkpt>
<trkpt lat="50.5842268" lon="-2.4467938"><time>2026-09-20T13:29:12.000Z</time><speed>8.59</speed><course>16.0</course></trkpt>
<trkpt lat="50.5843041" lon="-2.4467576"><time>2026-09-20T13:29:13.000Z</time><speed>8.75</speed><course>15.9</course></trkpt>
<trkpt lat="50.5843834" lon="-2.4467237"><time>2026-09-20T13:29:14.000Z</time><speed>8.85</speed><course>14.8</course></trkpt>
<trkpt lat="50.5844577" lon="-2.4466976"><time>2026-09-20T13:29:15.000Z</time><speed>9.00</speed><course>14.4</course></trkpt>
<trkpt lat="50.5845383" lon="-2.4466698"><time>2026-09-20T13:29:16.000Z</time><speed>9.22</speed><course>13.8</course></trkpt>
<trkpt lat="50.5846222" lon="-2.4466334"><time>2026-09-20T13:29:17.000Z</time><speed>9.24</speed><course>13.4</course></trkpt>
<trkpt lat="50.5846998" lon="-2.4466112"><time>2026-09-20T13:29:18.000Z</time><speed>9.27</speed><course>14.5</course></trkpt>
<trkpt lat="50.5847876" lon="-2.4465746"><time>2026-09-20T13:29:19.000Z</time><speed>9.28</speed><course>14.0</course></trkpt>
<trkpt lat="50.5848608" lon="-2.4465345"><time>2026-09-20T13:29:20.000Z</time><speed>9.32</speed><course>14.5</course></trkpt>
<trkpt lat="50.5849427" lon="-2.4465078"><time>2026-09-20T13:29:21.000Z</time><speed>9.41</speed><course>14.8</course></trkpt>
<trkpt lat="50.5850264" lon="-2.4464679"><time>2026-09-20T13:29:22.000Z</time><speed>9.27</speed><course>14.5</course></trkpt>
<trkpt lat="50.5851013" lon="-2.4464314"><time>2026-09-20T13:29:23.000Z</time><speed>9.12</speed><course>15.2</course></trkpt>
<trkpt lat="50.5851840" lon="-2.4464026"><time>2026-09-20T13:29:24.000Z</time><speed>9.07</speed><course>15.3</course></trkpt>
<trkpt lat="50.5852679" lon="-2.4463695"><time>2026-09-20T13:29:25.000Z</time><speed>9.16</speed><course>13.6</course></trkpt>
<trkpt lat="50.5853405" lon="-2.4463318"><time>2026-09-20T13:29:26.000Z</time><speed>9.05</speed><course>13.3</course></trkpt>
<trkpt lat="50.5854203" lon="-2.4463065"><time>2026-09-20T13:29:27.000Z</time><speed>9.14</speed><course>13.2</course></trkpt>
<trkpt lat="50.5855003" lon="-2.4462793"><time>2026-09-20T13:29:28.000Z</time><speed>9.25</speed><course>13.0</course></trkpt>
<trkpt lat="50.5855816" lon="-2.4462429"><time>2026-09-20T13:29:29.000Z</time><speed>9.27</speed><course>12.9</course></trkpt>
<trkpt lat="50.5856591" lon="-2.4462231"><time>2026-09-20T13:29:30.000Z</time><speed>9.41</speed><course>12.6</course></trkpt>
<trkpt lat="50.5857453" lon="-2.4461933"><time>2026-09-20T13:29:31.000Z</time><speed>9.39</speed><course>12.7</course></trkpt>
<trkpt lat="50.5858283" lon="-2.4461585"><time>2026-09-20T13:29:32.000Z</time><speed>9.37</speed><course>13.4</course></trkpt>
<trkpt lat="50.5859117" lon="-2.4461411"><time>2026-09-20T13:29:33.000Z</time><speed>9.43</speed><course>14.8</course></trkpt>
<trkpt lat="50.5859935" lon="-2.4461003"><time>2026-09-20T13:29:34.000Z</time><speed>9.55</speed><course>15.1</course></trkpt>
<trkpt lat="50.5860747" lon="-2.4460641"><time>2026-09-20T13:29:35.000Z</time><speed>9.59</speed><course>16.7</course></trkpt>
<trkpt lat="50.5861554" lon="-2.4460271"><time>2026-09-20T13:29:36.000Z</time><speed>9.33</speed><course>17.6</course></trkpt>
<trkpt lat="50.5862374" lon="-2.4459870"><time>2026-09-20T13:29:37.000Z</time><speed>9.26</speed><course>17.1</course></trkpt>
<trkpt lat="50.5863133" lon="-2.4459563"><time>2026-09-20T13:29:38.000Z</time><speed>9.19</speed><course>16.5</course></trkpt>
<trkpt lat="50.5863927" lon="-2.4459229"><time>2026-09-20T13:29:39.000Z</time><speed>9.18</speed><course>15.1</course></trkpt>
<trkpt lat="50.5864698" lon="-2.4458833"><time>2026-09-20T13:29:40.000Z</time><speed>9.16</speed><course>14.7</course></trkpt>
<trkpt lat="50.5865527" lon="-2.4458530"><time>2026-09-20T13:29:41.000Z</time><speed>9.34</speed><course>14.2</course></trkpt>
<trkpt lat="50.5866401" lon="-2.4458248"><time>2026-09-20T13:29:42.000Z</time><speed>9.57</speed><course>13.4</course></trkpt>
<trkpt lat="50.5867138" lon="-2.4458018"><time>2026-09-20T13:29:43.000Z</time><speed>9.44</speed><course>13.2</course></trkpt>
<trkpt lat="50.5867969" lon="-2.4457610"><time>2026-09-20T13:29:44.000Z</time><speed>9.53</speed><course>14.2</course></trkpt>
<trkpt lat="50.5868787" lon="-2.4457330"><time>2026-09-20T13:29:45.000Z</time><speed>9.55</speed><course>14.4</course></trkpt>
<trkpt lat="50.5869664" lon="-2.4456949"><time>2026-09-20T13:29:46.000Z</time><speed>9.44</speed><course>16.8</course></trkpt>
<trkpt lat="50.5870479" lon="-2.4456530"><time>2026-09-20T13:29:47.000Z</time><speed>9.22</speed><course>17.5</course></trkpt>
<trkpt lat="50.5871327" lon="-2.4456141"><time>2026-09-20T13:29:48.000Z</time><speed>9.04</speed><course>15.0</course></trkpt>
<trkpt lat="50.5872093" lon="-2.4456053"><time>2026-09-20T13:29:49.000Z</time><speed>9.34</speed><course>355.3</course></trkpt>
<trkpt lat="50.5872907" lon="-2.4456510"><time>2026-09-20T13:29:50.000Z</time><speed>9.75</speed><course>325.1</course></trkpt>
<trkpt lat="50.5873453" lon="-2.4457498"><time>2026-09-20T13:29:51.000Z</time><speed>9.85</speed><course>297.1</course></trkpt>
<trkpt lat="50.5873691" lon="-2.4458882"><time>2026-09-20T13:29:52.000Z</time><speed>9.36</speed><course>283.2</course></trkpt>
<trkpt lat="50.5874025" lon="-2.4460075"><time>2026-09-20T13:29:53.000Z</time><speed>9.08</speed><course>289.2</course></trkpt>
<trkpt lat="50.5874202" lon="-2.4461240"><time>2026-09-20T13:29:54.000Z</time><speed>8.85</speed><course>287.8</course></trkpt>
<trkpt lat="50.5874473" lon="-2.4462473"><time>2026-09-20T13:29:55.000Z</time><speed>8.74</speed><course>287.3</course></trkpt>
<trkpt lat="50.5874655" lon="-2.4463597"><time>2026-09-20T13:29:56.000Z</time><speed>8.48</speed><course>285.2</course></trkpt>
<trkpt lat="50.5874829" lon="-2.4464779"><time>2026-09-20T13:29:57.000Z</time><speed>8.21</speed><course>283.7</course></trkpt>
<trkpt lat="50.5874998" lon="-2.4465863"><time>2026-09-20T13:29:58.000Z</time><speed>8.11</speed><course>282.8</course></trkpt>
<trkpt lat="50.5875190" lon="-2.4466992"><time>2026-09-20T13:29:59.000Z</time><speed>7.91</speed><course>282.0</course></trkpt>
<trkpt lat="50.5875265" lon="-2.4467984"><time>2026-09-20T13:30:00.000Z</time><speed>7.82</speed><course>282.8</course></trkpt>
<trkpt lat="50.5875430" lon="-2.4469081"><time>2026-09-20T13:30:01.000Z</time><speed>7.77</speed><course>282.6</course></trkpt>
<trkpt lat="50.5875576" lon="-2.4470121"><time>2026-09-20T13:30:02.000Z</time><speed>7.77</speed><course>282.1</course></trkpt>
<trkpt lat="50.5875709" lon="-2.4471173"><time>2026-09-20T13:30:03.000Z</time><speed>7.66</speed><course>281.7</course></trkpt>
<trkpt lat="50.5875879" lon="-2.4472359"><time>2026-09-20T13:30:04.000Z</time><speed>7.63</speed><course>282.6</course></trkpt>
<trkpt lat="50.5875992" lon="-2.4473448"><time>2026-09-20T13:30:05.000Z</time><speed>7.63</speed><course>281.6</course></trkpt>
<trkpt lat="50.5876129" lon="-2.4474483"><time>2026-09-20T13:30:06.000Z</time><speed>7.63</speed><course>281.1</course></trkpt>
<trkpt lat="50.5876296" lon="-2.4475631"><time>2026-09-20T13:30:07.000Z</time><speed>7.55</speed><course>282.1</course></trkpt>
<trkpt lat="50.5876404" lon="-2.4476624"><time>2026-09-20T13:30:08.000Z</time><speed>7.60</speed><course>282.0</course></trkpt>
<trkpt lat="50.5876569" lon="-2.4477695"><time>2026-09-20T13:30:09.000Z</time><speed>7.62</speed><course>281.9</course></trkpt>
<trkpt lat="50.5876718" lon="-2.4478752"><time>2026-09-20T13:30:10.000Z</time><speed>7.69</speed><course>280.8</course></trkpt>
<trkpt lat="50.5876828" lon="-2.4479825"><time>2026-09-20T13:30:11.000Z</time><speed>7.78</speed><course>282.8</course></trkpt>
<trkpt lat="50.5877039" lon="-2.4480993"><time>2026-09-20T13:30:12.000Z</time><speed>7.68</speed><course>283.8</course></trkpt>
<trkpt lat="50.5877190" lon="-2.4481949"><time>2026-09-20T13:30:13.000Z</time><speed>7.84</speed><course>283.5</course></trkpt>
<trkpt lat="50.5877356" lon="-2.4483120"><time>2026-09-20T13:30:14.000Z</time><speed>7.83</speed><course>284.0</course></trkpt>
<trkpt lat="50.5877550" lon="-2.4484235"><time>2026-09-20T13:30:15.000Z</time><speed>7.86</speed><course>282.9</course></trkpt>
<trkpt lat="50.5877675" lon="-2.4485206"><time>2026-09-20T13:30:16.000Z</time><speed>7.78</speed><course>282.9</course></trkpt>
<trkpt lat="50.5877825" lon="-2.4486221"><time>2026-09-20T13:30:17.000Z</time><speed>7.87</speed><course>283.2</course></trkpt>
<trkpt lat="50.5878027" lon="-2.4487316"><time>2026-09-20T13:30:18.000Z</time><speed>7.79</speed><course>283.2</course></trkpt>
<trkpt lat="50.5878180" lon="-2.4488397"><time>2026-09-20T13:30:19.000Z</time><speed>7.77</speed><course>284.2</course></trkpt>
<trkpt lat="50.5878339" lon="-2.4489502"><time>2026-09-20T13:30:20.000Z</time><speed>7.88</speed><course>283.8</course></trkpt>
<trkpt lat="50.5878497" lon="-2.4490619"><time>2026-09-20T13:30:21.000Z</time><speed>7.85</speed><course>283.3</course></trkpt>
<trkpt lat="50.5878672" lon="-2.4491671"><time>2026-09-20T13:30:22.000Z</time><speed>7.75</speed><course>283.1</course></trkpt>
<trkpt lat="50.5878831" lon="-2.4492636"><time>2026-09-20T13:30:23.000Z</time><speed>7.83</speed><course>282.5</course></trkpt>
<trkpt lat="50.5879029" lon="-2.4493712"><time>2026-09-20T13:30:24.000Z</time><speed>7.72</speed><course>282.2</course></trkpt>
<trkpt lat="50.5879101" lon="-2.4494751"><time>2026-09-20T13:30:25.000Z</time><speed>7.55</speed><course>281.0</course></trkpt>
<trkpt lat="50.5879229" lon="-2.4495864"><time>2026-09-20T13:30:26.000Z</time><speed>7.49</speed><course>280.3</course></trkpt>
<trkpt lat="50.5879346" lon="-2.4496841"><time>2026-09-20T13:30:27.000Z</time><speed>7.32</speed><course>279.7</course></trkpt>
<trkpt lat="50.5879473" lon="-2.4497839"><time>2026-09-20T13:30:28.000Z</time><speed>7.22</speed><course>279.5</course></trkpt>
<trkpt lat="50.5879555" lon="-2.4498778"><time>2026-09-20T13:30:29.000Z</time><speed>7.16</speed><course>279.4</course></trkpt>
<trkpt lat="50.5879662" lon="-2.4499854"><time>2026-09-20T13:30:30.000Z</time><speed>7.21</speed><course>280.7</course></trkpt>
<trkpt lat="50.5879807" lon="-2.4500820"><time>2026-09-20T13:30:31.000Z</time><speed>7.29</speed><course>282.4</course></trkpt>
<trkpt lat="50.5879919" lon="-2.4501811"><time>2026-09-20T13:30:32.000Z</time><speed>7.29</speed><course>283.1</course></trkpt>
<trkpt lat="50.5880073" lon="-2.4502892"><time>2026-09-20T13:30:33.000Z</time><speed>7.34</speed><course>282.8</course></trkpt>
<trkpt lat="50.5880169" lon="-2.4503885"><time>2026-09-20T13:30:34.000Z</time><speed>7.10</speed><course>265.3</course></trkpt>
<trkpt lat="50.5879919" lon="-2.4504667"><time>2026-09-20T13:30:35.000Z</time><speed>5.71</speed><course>224.9</course></trkpt>
<trkpt lat="50.5879549" lon="-2.4504945"><time>2026-09-20T13:30:36.000Z</time><speed>5.07</speed><course>191.5</course></trkpt>
<trkpt lat="50.5879061" lon="-2.4505047"><time>2026-09-20T13:30:37.000Z</time><speed>5.86</speed><course>182.4</course></trkpt>
<trkpt lat="50.5878503" lon="-2.4505111"><time>2026-09-20T13:30:38.000Z</time><speed>6.62</speed><course>183.6</course></trkpt>
<trkpt lat="50.5877818" lon="-2.4505160"><time>2026-09-20T13:30:39.000Z</time><speed>6.92</speed><course>184.5</course></trkpt>
<trkpt lat="50.5877260" lon="-2.4505274"><time>2026-09-20T13:30:40.000Z</time><speed>7.23</speed><course>186.5</course></trkpt>
<trkpt lat="50.5876668" lon="-2.4505339"><time>2026-09-20T13:30:41.000Z</time><speed>7.27</speed><course>188.9</course></trkpt>
<trkpt lat="50.5876042" lon="-2.4505601"><time>2026-09-20T13:30:42.000Z</time><speed>7.31</speed><course>191.7</course></trkpt>
<trkpt lat="50.5875363" lon="-2.4505774"><time>2026-09-20T13:30:43.000Z</time><speed>7.24</speed><course>192.4</course></trkpt>
<trkpt lat="50.5874721" lon="-2.4505963"><time>2026-09-20T13:30:44.000Z</time><speed>7.34</speed><course>191.6</course></trkpt>
<trkpt lat="50.5874049" lon="-2.4506199"><time>2026-09-20T13:30:45.000Z</time><speed>7.29</speed><course>192.0</course></trkpt>
<trkpt lat="50.5873449" lon="-2.4506242"><time>2026-09-20T13:30:46.000Z</time><speed>7.24</speed><course>191.5</course></trkpt>
<trkpt lat="50.5872778" lon="-2.4506605"><time>2026-09-20T13:30:47.000Z</time><speed>7.39</speed><course>190.1</course></trkpt>
<trkpt lat="50.5872132" lon="-2.4506772"><time>2026-09-20T13:30:48.000Z</time><speed>7.35</speed><course>189.3</course></trkpt>
<trkpt lat="50.5871439" lon="-2.4506834"><time>2026-09-20T13:30:49.000Z</time><speed>7.45</speed><course>189.6</course></trkpt>
<trkpt lat="50.5870835" lon="-2.4507050"><time>2026-09-20T13:30:50.000Z</time><speed>7.50</speed><course>189.0</course></trkpt>
<trkpt lat="50.5870159" lon="-2.4507110"><time>2026-09-20T13:30:51.000Z</time><speed>7.55</speed><course>187.9</course></trkpt>
<trkpt lat="50.5869467" lon="-2.4507292"><time>2026-09-20T13:30:52.000Z</time><speed>7.68</speed><course>188.5</course></trkpt>
<trkpt lat="50.5868778" lon="-2.4507476"><time>2026-09-20T13:30:53.000Z</time><speed>7.67</speed><course>188.3</course></trkpt>
<trkpt lat="50.5868116" lon="-2.4507594"><time>2026-09-20T13:30:54.000Z</time><speed>7.67</speed><course>188.2</course></trkpt>
<trkpt lat="50.5867387" lon="-2.4507801"><time>2026-09-20T13:30:55.000Z</time><speed>7.69</speed><course>188.6</course></trkpt>
<trkpt lat="50.5866711" lon="-2.4508022"><time>2026-09-20T13:30:56.000Z</time><speed>7.68</speed><course>189.1</course></trkpt>
<trkpt lat="50.5865968" lon="-2.4508164"><time>2026-09-20T13:30:57.000Z</time><speed>7.71</speed><course>188.4</course></trkpt>
<trkpt lat="50.5865291" lon="-2.4508269"><time>2026-09-20T13:30:58.000Z</time><speed>7.72</speed><course>188.3</course></trkpt>
<trkpt lat="50.5864584" lon="-2.4508401"><time>2026-09-20T13:30:59.000Z</time><speed>7.69</speed><course>189.2</course></trkpt>
<trkpt lat="50.5863908" lon="-2.4508570"><time>2026-09-20T13:31:00.000Z</time><speed>7.59</speed><course>188.4</course></trkpt>
<trkpt lat="50.5863238" lon="-2.4508701"><time>2026-09-20T13:31:01.000Z</time><speed>7.52</speed><course>189.7</course></trkpt>
<trkpt lat="50.5862581" lon="-2.4508956"><time>2026-09-20T13:31:02.000Z</time><speed>7.57</speed><course>188.2</course></trkpt>
<trkpt lat="50.5861872" lon="-2.4508994"><time>2026-09-20T13:31:03.000Z</time><speed>7.93</speed><course>178.9</course></trkpt>
<trkpt lat="50.5861181" lon="-2.4508809"><time>2026-09-20T13:31:04.000Z</time><speed>8.35</speed><course>165.6</course></trkpt>
<trkpt lat="50.5860446" lon="-2.4508437"><time>2026-09-20T13:31:05.000Z</time><speed>8.82</speed><course>154.0</course></trkpt>
<trkpt lat="50.5859805" lon="-2.4507760"><time>2026-09-20T13:31:06.000Z</time><speed>9.32</speed><course>149.2</course></trkpt>
<trkpt lat="50.5859058" lon="-2.4507140"><time>2026-09-20T13:31:07.000Z</time><speed>9.51</speed><course>149.9</course></trkpt>
</trkseg></trk>
</gpx>
